编号,prompt,答案评分,Azure OpenAI(GPT-3.5-16k),答案评分,ChatGLM,答案评分,MiniMax(abab5.5-chat)
1,请简要解释一下什么是云原生?,正确,"云原生是一种软件开发和部署的方法论，旨在使应用程序能够充分利用云计算环境的弹性、可扩展性和可靠性。它强调使用容器化部署、微服务架构、自动化管理和持续交付等技术，以提高应用程序的可移植性、可伸缩性和容错性。  
   
云原生应用程序通常使用容器技术（如Docker）将应用程序及其依赖项封装为独立的、可移植的容器。这些容器可以在任何支持容器运行时的环境中部署和运行，例如公有云、私有云或混合云。  
   
此外，云原生应用程序还采用微服务架构，将应用程序拆分为一组独立的小型服务，每个服务都可以独立开发、部署和扩展。这种架构使应用程序更具弹性和可伸缩性，能够更好地适应不断变化的需求。  
   
自动化管理是云原生的另一个关键特征。通过使用自动化工具和平台，可以自动化应用程序的部署、扩展、监控和修复等任务，提高开发和运维效率。  
   
最后，云原生强调持续交付，即通过自动化构建、测试和部署流程，实现快速、频繁地交付新功能和更新。  
   
总之，云原生是一种以容器化、微服务、自动化管理和持续交付为核心的软件开发和部署方法，旨在实现应用程序在云计算环境中的高度可移植性、可伸缩性和容错性。",正确,"
云原生（Cloud Native）是一种构建和运行应用程序的方法，该方法充分利用了云计算的优势。云原生应用程序是基于微服务、容器和自动化技术构建的，可以快速、高效地部署、扩展和管理。云原生应用程序可以运行在多个云提供商和混合云环境中，并具有高可用性、可伸缩性和弹性。云原生方法还提供了一种通用的、标准化的方式来构建、部署和管理应用程序，从而提高了开发人员的生产力和效率。云原生是一种新兴的应用程序构建和管理方法，已经成为云计算领域的重要趋势。",正确,"云原生（Cloud Native）是一种构建和运行应用程序的方法，这些应用程序从一开始就设计为在云环境中运行，从而充分利用云计算的优势。云原生架构和应用程序遵循一些关键原则，包括：

1. 微服务架构：将应用程序分解为一组小型、自治的服务，以提高灵活性、可伸缩性和容错能力。
2. 容器化：通过轻量级的、可移植的容器（如Docker）来部署应用程序和服务，以实现一致的运行环境和更高的资源利用率。
3. 自动化与编排：使用自动化和编排工具（如Kubernetes）来部署、扩展和管理应用程序和服务，以提高效率和可靠性。
4. 微服务之间的松耦合：通过轻量级协议（如RESTful API或gRPC）实现微服务之间的通信，降低耦合度。
5. 弹性与可伸缩性：根据需求自动调整应用程序和服务的规模，以满足性能和可用性要求。
6. 开发与运维协同：通过敏捷方法和DevOps实践，实现开发、测试和运维团队之间的紧密合作。
7. 数据驱动决策：利用监控和日志数据来优化应用程序性能和可用性，实现更快的迭代和反馈。

云原生应用程序通常在公共云、私有云和混合云环境中运行，以实现更高的灵活性、可伸缩性和成本效益。"
2,Kubernetes和Docker的关系是什么?,正确,"Kubernetes和Docker是云原生应用程序开发和部署的两个重要技术组件，它们在云原生生态系统中扮演着不同的角色。  
   
Docker是一种容器化技术，它允许将应用程序及其依赖项封装为独立的、可移植的容器。Docker容器可以在任何支持Docker运行时的环境中进行部署和运行，提供了一致性和可重复性的应用程序交付和部署机制。Docker通过将应用程序与其运行时环境隔离，实现了高度可移植性和资源利用率的提升。  
   
而Kubernetes是一个开源的容器编排平台，用于管理和编排大规模容器化应用程序的部署、扩展和管理。它提供了自动化的容器编排、负载均衡、服务发现、自动伸缩和自愈等功能，使得应用程序能够在分布式环境中高效运行。Kubernetes通过定义一组抽象的资源对象（如Pod、Service、Deployment等），并提供强大的调度和管理功能，实现了容器化应用程序的自动化部署和管理。  
   
因此，可以说Docker提供了容器化的基础技术，而Kubernetes则提供了容器编排和管理的高级功能。在云原生应用程序开发和部署中，通常使用Docker将应用程序打包为容器，然后使用Kubernetes来管理和编排这些容器，以实现高度可伸缩、可靠和弹性的应用程序运行环境。",正确,"
Kubernetes 和 Docker 是两个在容器化应用程序部署和管理方面密切相关的工具。Docker 是一种开源的容器化平台，它允许开发者将应用程序和其依赖项打包成轻量级的容器，从而提供独立、可移植和可扩展的运行环境。而 Kubernetes 是一个开源的容器集群管理系统，可以实现容器集群的自动化部署、自动扩缩容、维护等功能。因此，Kubernetes 和 Docker 可以被视为一种互补关系，Kubernetes 可以帮助开发者管理和部署 Docker 容器，而 Docker 则提供了一种轻量级的方式来打包和部署应用程序。",正确,"Kubernetes和Docker是两个在云原生环境中常用的工具，它们分别用于不同的目的，但它们之间存在密切的关系。

Docker是一个开源容器化平台，用于创建、部署和运行应用程序容器。Docker使用操作系统级别的虚拟化技术，将应用程序及其依赖项打包在一个轻量级的、可移植的容器中。这使得开发人员可以在一个一致的环境中构建、测试和部署应用程序，而不受底层操作系统和硬件的差异影响。

Kubernetes是一个开源容器编排平台，用于管理、自动化和扩展容器化应用程序。Kubernetes提供了一个分布式、可扩展的系统，用于部署、更新和监控容器化应用程序和服务。它可以自动处理容器的调度、扩展、故障转移和负载均衡，从而确保应用程序和服务的高可用性和性能。

Kubernetes使用Docker作为默认的容器运行时，这意味着Kubernetes使用Docker来创建和管理容器。在Kubernetes中，开发人员将容器镜像（由Docker创建和管理）部署到集群中，然后Kubernetes负责管理和编排这些容器。

总之，Docker和Kubernetes是紧密相关的工具，它们通常一起使用，以实现云原生环境中的容器化应用程序的管理、部署和扩展。Docker负责创建和管理容器，而Kubernetes负责管理和编排这些容器。"
3,请描述Kubernetes的主要组件及其作用?,正确,"Kubernetes是一个开源的容器编排平台，由一组核心组件和附加组件组成，每个组件都有不同的作用和功能。以下是Kubernetes的主要组件及其作用的简要描述：  
   
1. Master组件：  
   - kube-apiserver：作为Kubernetes API的前端，处理用户和其他组件的请求。  
   - kube-controller-manager：负责处理集群级别的控制器，如副本集控制器、服务控制器等。  
   - kube-scheduler：负责根据资源需求和策略，为新创建的Pod选择合适的节点进行调度。  
   
2. Node组件：  
   - kubelet：在每个节点上运行，负责管理和监控节点上的容器，与Master组件进行通信。  
   - kube-proxy：负责为Pod提供网络代理和负载均衡功能，实现集群内部的服务发现和访问。  
   
3. etcd：  
   - 分布式键值存储系统，用于存储集群的配置数据和状态信息。  
   
4. Add-ons组件：  
   - DNS插件：为集群内的Pod提供DNS解析服务。  
   - Dashboard：提供Web界面，用于可视化集群的状态和管理操作。  
   - Ingress Controller：负责将外部请求路由到集群内部的服务。  
   - Metrics Server：收集和暴露集群中的资源使用情况指标。  
   - Logging/monitoring等其他附加组件：用于集群的日志记录和监控等功能。  
   
这些组件共同协作，构建了Kubernetes的基本架构，实现了容器化应用程序的自动化部署、扩展、管理和高可用。Master组件负责集群的控制和管理，Node组件负责在节点上运行和管理容器，etcd用于存储集群的配置和状态信息，而Add-ons组件提供了额外的功能和扩展，以满足不同的需求和场景。",正确,"
Kubernetes 是一个开源的容器编排和管理工具，用于自动化、部署、扩展和操作容器化应用程序。以下是 Kubernetes 的一些核心组件及其功能：
1. kube-apiserver：提供 Kubernetes API 的接口，用于管理和控制整个集群。它是 Kubernetes 控制中心的核心组件，所有的操作都通过它进行。
2. kube-controller-manager：用于运行各种控制器，例如节点控制器、副本控制器和服务控制器，以确保系统状态符合期望。
3. etcd：Kubernetes 的配置存储库，用于存储集群的配置信息，如应用程序的定义、网络设置、安全性设置等。
4. kubelet：是 Kubernetes 的节点代理，用于管理容器化的应用程序。它与 kube-apiserver 通信，确保容器在节点上正确运行和停止。
5. kube-proxy：Kubernetes 的代理，用于实现服务之间的负载均衡和故障转移。它可以将应用程序的流量路由到不同的容器或集群中。
6. DaemonSet：Kubernetes 的一种资源对象，用于管理集群中的后台进程。它确保这些进程在所有节点上正确运行，以便支持其他 Kubernetes 组件。
7. Deployment：Kubernetes 的一种资源对象，用于定义和部署应用程序。它确保应用程序在集群中正确地运行和扩展。
8. Service：Kubernetes 的一种资源对象，用于定义和暴露应用程序。它提供了应用程序的访问点，以便其他服务可以访问它。
9. ConfigMap：Kubernetes 的一种资源对象，用于存储和管理应用程序的配置信息。它允许应用程序在不同的环境中自动配置自己。
总结起来，Kubernetes 的核心组件及其功能涵盖了容器编排和管理的各个方面，从 API 接口和控制器到节点代理和代理，再到资源对象和应用程序的定义和部署。这些组件和功能共同构成了 Kubernetes 强大的容器编排和管理平台，使得开发人员和运维人员可以专注于应用程序的开发和部署，而不用担心底层基础设施的管理和维护。",正确,"Kubernetes（也称为k8s）是一个开源的容器编排平台，用于管理和自动化容器化应用程序和服务。Kubernetes的核心组件包括：

1. Master节点（主节点）：
   - Kubernetes API server（Kubernetes API服务器）：负责处理来自kubectl命令行工具或Kubernetes REST API的请求。它验证请求并将它们发送到相应的组件。
   - etcd：一个分布式键值存储，用于存储Kubernetes集群的配置数据。
   - Scheduler（调度器）：负责将未调度的Pod分配到合适的Node节点上，以满足资源需求和约束条件。
   - Controller Manager（控制器管理器）：负责运行各种控制器，例如副本控制器（负责确保期望的副本数）、端点控制器（负责填充和更新服务对象上的端点）等。

2. Worker节点（工作节点）：
   - Kubelet：负责管理节点上运行的容器和Pod的生命周期，包括创建、启动、停止、重启等。它还负责与Master节点通信，报告节点的状态和健康状况。
   - Kube-proxy：一个网络代理，负责维护Node节点上的网络规则和负载均衡，以实现Service对象之间的通信。
   - Container runtime（容器运行时）：负责运行容器，如Docker或containerd。

Kubernetes中的其他关键概念：

1. Pod：Kubernetes中的最小部署单元，包含一个或多个紧密相关的容器。同一Pod中的容器共享相同的网络命名空间和存储卷。
2. Service：Kubernetes中的抽象层，用于表示一组Pods的逻辑集合。Service提供了访问这些Pods的方式，实现负载均衡和网络通信。
3. Deployment：用于管理Pod的副本和更新策略，例如滚动更新和回滚。
4. ReplicaSet：确保特定数量的Pod副本在集群中运行。
5. StatefulSet：用于管理有状态应用程序的Pod，确保Pod的稳定标识和顺序部署。
6. ConfigMap和Secret：分别用于存储和管理非敏感配置数据和敏感数据，如密码和密钥。
7. Namespace：用于在Kubernetes集群中隔离资源和对象，实现多租户或团队之间的资源划分。

通过这些组件和概念，Kubernetes提供了一种可靠、可扩展的方式来管理和部署容器化应用程序和服务。"
4,解释一下Kubernetes的部署策略有哪些?,正确,"Kubernetes提供了多种部署策略，以满足不同应用程序的需求和场景。以下是Kubernetes常用的部署策略：  
   
1. 部署（Deployment）：使用Deployment对象可以创建和管理应用程序的副本集，确保指定数量的Pod副本在集群中运行。Deployment支持滚动更新、回滚、扩缩容等功能，使应用程序的部署和更新更加可控和灵活。  
   
2. 副本集（ReplicaSet）：副本集是一组具有相同配置的Pod副本的抽象。它用于确保指定数量的Pod副本在集群中运行，并提供了扩缩容和滚动更新的能力。副本集通常由Deployment自动创建和管理。  
   
3. 状态集（StatefulSet）：状态集是一种用于有状态应用程序的部署策略。与副本集不同，状态集为Pod分配稳定的网络标识和持久化的存储卷，确保有状态应用程序的顺序部署、有序扩缩容和有序删除。  
   
4. 守护进程集（DaemonSet）：守护进程集用于在集群的每个节点上运行一个副本，确保每个节点都有一个指定的Pod运行。它常用于运行后台任务、日志收集、监控代理等系统级别的服务。  
   
5. 任务（Job）：任务用于一次性的、短暂的作业执行，即一次性运行一个或多个Pod来执行特定任务。任务可以是并行运行的，也可以是串行运行的，通常用于批处理、数据处理等场景。  
   
6. 定时任务（CronJob）：定时任务是基于时间表达式的作业调度器，用于周期性地运行指定的任务。它类似于Cron表达式，可以设置任务的运行时间和频率。  
   
通过选择合适的部署策略，开发人员可以根据应用程序的特点和需求，实现高效、可靠和灵活的应用程序部署和管理。",正确,"Kubernetes 是一个强大的容器编排平台，支持多种不同的部署策略，以满足不同的应用程序需求和场景。以下是 Kubernetes 的一些常见部署策略：
1. 批量部署：将应用程序的所有容器一次性部署到 Kubernetes 集群中。这种方法适用于需要同时部署多个容器的应用程序，可以减少部署的时间和复杂度。
2. 滚动部署：逐步将应用程序的容器部署到 Kubernetes 集群中，每次部署一个容器，直到所有容器都部署完成。这种方法适用于需要进行渐进式部署的应用程序，可以减少部署对系统稳定性的影响。
3. 重新部署：将应用程序的所有容器重新部署到 Kubernetes 集群中，覆盖之前的部署。这种方法适用于需要进行全面更新或修复的应用程序，可以快速实现应用程序的更新和升级。
4. 金丝雀部署：将应用程序的一部分容器部署到 Kubernetes 集群中，进行测试和验证，然后再逐步扩大部署范围。这种方法适用于需要进行渐进式部署和测试的应用程序，可以减少部署的风险和影响。
5. 蓝绿部署：将应用程序的新版本和旧版本同时部署到 Kubernetes 集群中，进行对比和验证，然后再逐步切换到新版本。这种方法适用于需要进行渐进式部署和对比测试的应用程序，可以减少部署的风险和影响。
总结起来，Kubernetes 的部署策略非常灵活，可以根据不同的应用程序需求和场景进行选择和调整。开发人员和运维人员可以根据实际情况和需求，选择合适的部署策略，以实现快速、可靠、安全的应用程序部署和管理。",正确,"在Kubernetes中，部署策略用于控制如何将应用程序的Pod实例部署到集群中。根据应用程序的需求和可用资源，可以选择不同的部署策略。以下是Kubernetes中常见的部署策略：

1. Recreate（重建）：
   在进行部署更新时，先删除旧版本的所有Pod实例，然后创建新版本的Pod实例。这种方法可以确保新版本和旧版本完全分离，但会导致在部署过程中存在短暂的服务中断。

2. RollingUpdate（滚动更新）：
   这是默认的部署更新策略，可以逐步更新Pod实例，同时确保服务的可用性。在执行滚动更新时，Kubernetes会逐步替换旧版本的Pod实例，确保新版本的Pod实例在旧版本的Pod实例完全停止之前启动。滚动更新可以在MaxSurge（最大超额）和MaxUnavailable（最大不可用）参数中设置更新速率。

3. Canary（金丝雀发布）：
   这种部署策略允许逐步将一部分流量从旧版本的应用程序切换到新版本的应用程序。这可以通过定义具有不同标签的两个版本的Pod来实现，并在部署过程中调整服务选择器以将流量逐渐导向新版本的应用程序。金丝雀发布有助于降低新版本引入的风险，并确保更好的稳定性。

4. Blue-Green（蓝绿部署）：
   在这种部署策略中，维护两个版本的应用程序，一个称为“蓝色”环境，另一个称为“绿色”环境。在部署更新时，首先将流量切换到绿色环境，然后部署新版本的应用程序。一旦新版本在绿色环境中运行稳定，可以将流量切换回绿色环境，然后销毁蓝色环境的应用程序。蓝绿部署可以确保新旧版本之间的完全分离，并在切换过程中提供高可用性。

5. A/B Testing（A/B测试）：
   A/B测试是一种评估不同版本应用程序性能的方法。在这种策略中，将流量随机分配到两个版本的应用程序，并收集和分析性能指标，以确定哪个版本更优。在Kubernetes中，可以通过为两个版本的应用程序分配不同的标签，并在服务中使用这些标签来实现A/B测试。

在选择部署策略时，需要根据应用程序的需求和可用资源进行权衡。不同的策略适用于不同的场景，例如滚动更新适用于大多数应用程序，而金丝雀发布和蓝绿部署更适合需要高可用性和低风险的场景。"
5,如何在Kubernetes中实现服务发现和负载均衡?,正确,"在Kubernetes中，可以通过以下两种方式实现服务发现和负载均衡：  
   
1. 通过Service对象：  
   - 创建一个Service对象来定义一个逻辑服务，并为该服务指定一组Pod副本作为后端。Service对象为该服务分配一个唯一的虚拟IP地址（Cluster IP），并将客户端的请求路由到后端Pod副本。  
   - Service对象支持不同的服务类型，包括ClusterIP、NodePort和LoadBalancer。ClusterIP类型为该服务在集群内部提供了一个虚拟IP地址，NodePort类型在每个节点上都公开了一个端口，LoadBalancer类型通过云提供商的负载均衡器将流量分发到Service对象中的Pod副本。  
   - 使用Service对象，应用程序可以通过Service名称来进行服务发现，并通过该名称进行负载均衡，无需关心后端Pod副本的具体IP地址和端口。  
   
2. 通过Ingress对象：  
   - 创建一个Ingress对象来定义应用程序的外部访问规则。Ingress对象充当入口点，将外部流量路由到集群内部的Service对象。  
   - Ingress对象可以根据请求的主机名、路径或其他规则进行流量路由。它支持使用不同的Ingress控制器来实现负载均衡，如Nginx Ingress Controller、Traefik等。  
   - 通过Ingress对象，可以实现多个服务的域名映射和负载均衡，将流量动态地路由到不同的Service对象和后端Pod副本。  
   
这些方法使得应用程序能够实现服务发现和负载均衡，从而提供高可用性和弹性的服务。通过使用Service和Ingress对象，Kubernetes提供了一种灵活且易于管理的方式来处理应用程序的流量路由和负载均衡需求。",正确,"在 Kubernetes 中，服务发现和负载均衡可以通过以下方式实现：
1. 服务发现：Kubernetes 中的服务发现是通过 DNS 方式实现的。每个 Pod 都会有一个对应的 DNS 名称，通过该名称可以访问到该 Pod 提供的服务。Kubernetes 还提供了头信息，允许应用程序在请求服务时提供额外的信息，例如版本号、负载等因素。
2. 负载均衡：Kubernetes 中的负载均衡可以通过 Ingress 对象实现。Ingress 是一种 Kubernetes 对象，用于管理入站流量，可以将来自外部网络的请求转发到集群内部的服务上。Ingress 对象中可以配置负载均衡策略，例如轮询、IP 哈希或权重等，以确保请求能够平均分配到不同的服务上。
总结起来，通过服务发现和负载均衡，Kubernetes 可以帮助应用程序在集群内部进行高效的通信和管理，提高应用程序的可靠性和可扩展性。",正确,"在Kubernetes中，服务发现和负载均衡是关键功能，它们允许应用程序和服务在集群内部和外部互相通信。Kubernetes使用以下两种核心资源来实现服务发现和负载均衡：

1. Service（服务）：
   Service是Kubernetes中的一种抽象层，用于表示一组Pods的逻辑集合。Service提供了访问这些Pods的方式，实现负载均衡和网络通信。Service通过以下两种方式来实现负载均衡：

   a. ClusterIP：
     默认的负载均衡方式，为Service分配一个内部IP地址，集群内部的其他服务可以通过该地址访问该Service。ClusterIP主要适用于集群内部的服务通信。

   b. NodePort：
     允许从集群外部访问Service。NodePort为Service分配一个静态端口，集群中的每个节点都暴露这个端口。访问者可以通过任意节点的IP地址和端口号访问该Service。NodePort主要用于对外提供服务的入口点。

2. DNS（域名系统）：
   Kubernetes提供了内置的DNS服务，用于为Service分配DNS名称。当创建一个Service时，Kubernetes会自动为其分配一个DNS名称，格式为`<ServiceName>.<Namespace>.svc.cluster.local`。应用程序可以使用这个DNS名称作为地址来访问Service。

使用服务发现和负载均衡的示例：

1. 创建一个Deployment和一个相应的Service，将Deployment的Pod与Service关联起来。
2. 为Service分配一个正确的标签选择器，以选择关联的Pod。
3. 确保应用程序使用Service的DNS名称作为地址进行通信，而不是使用具体的Pod IP地址。

通过这种方式，应用程序可以轻松地访问Service所代表的一组Pod，而无需知道具体的Pod IP地址。Kubernetes会自动处理负载均衡和服务发现，确保请求被分发到正确的Pod。"
6,请描述Kubernetes的Master节点组件,正确,"Kubernetes的Master节点是集群的控制平面，负责管理和监控整个集群的运行状态。以下是Kubernetes的Master节点组件的描述：  
   
1. kube-apiserver（Kubernetes API服务器）：  
   - kube-apiserver是Kubernetes集群的前端，作为集群的API接口，处理用户和其他组件的请求。  
   - 它负责验证和授权请求、接收和处理集群的配置和状态更新，以及提供集群的元数据和操作。  
   
2. kube-controller-manager（控制器管理器）：  
   - kube-controller-manager是一组控制器的集合，负责处理集群级别的控制循环。  
   - 其中包括副本集控制器、服务控制器、节点控制器等，它们监控集群的状态，根据预定义的规则和策略，自动调整和管理集群中的资源。  
   
3. kube-scheduler（调度器）：  
   - kube-scheduler负责根据Pod的资源需求和调度策略，为新创建的Pod选择合适的节点进行调度。  
   - 调度器考虑节点的资源利用率、亲和性规则、互斥规则等因素，以实现高效的资源利用和负载均衡。  
   
4. etcd（键值存储）：  
   - etcd是一个分布式键值存储系统，用于存储集群的配置数据和状态信息。  
   - 它是Kubernetes的持久化存储，确保集群的配置和状态在Master节点的重启或故障恢复后仍然可用。  
   
这些Master节点组件共同协作，构建了Kubernetes的控制平面，实现了集群的管理和控制。kube-apiserver提供API接口，kube-controller-manager负责控制循环，kube-scheduler负责调度Pod，而etcd存储集群的配置和状态信息。通过这些组件，Kubernetes的Master节点能够管理和监控集群的运行状态，并提供对外的API接口供用户和其他组件进行交互和操作。",正确,"
Kubernetes Master 节点是 Kubernetes 集群中的控制中心，负责管理和控制集群中的 Node 节点。以下是 Kubernetes Master 节点上的主要组件：
1. kube-apiserver：kube-apiserver 是 Kubernetes API 的入口点，提供对集群中资源的访问和管理。它接收来自客户端的请求，并将其转发到相应的控制器或 scheduler 上进行处理。
2. kube-controller-manager：kube-controller-manager 是一组控制器，负责管理和控制集群中的资源。它包括以下几个组件：
- Node Controller：负责管理集群中的 Node 节点，确保它们都处于正常状态并具有所需的容量和资源。  
- Service Controller：负责管理和控制集群中的服务，确保它们在整个集群中正确地路由和负载均衡。  
- Replication Controller：负责管理和控制集群中的副本，确保它们在需要的时候被正确地创建、更新和删除。  
- Deployment Controller：负责管理和控制集群中的部署，确保它们在整个集群中正确地路由和负载均衡。
3. kube-scheduler：kube-scheduler 负责调度集群中的容器，以确保它们被正确地分配到可用的 Node 节点上。它通过分析集群中 Node 节点的资源和使用情况，来决定将容器调度到哪个 Node 节点上。
4. kubelet：kubelet 是 Kubernetes Node 节点上的主要组件，负责管理和控制容器。它接收来自 kube-apiserver 的指令，并将它们转化为容器的实际运行。kubelet 还负责监控容器的健康状况，并将它们的状态报告给 kube-apiserver。
这些组件一起工作，共同管理和控制 Kubernetes 集群中的资源和容器。",正确,"Kubernetes的Master节点（主节点）负责控制和管理整个集群的状态，包括API服务器、调度器、控制器管理器和etcd。这些组件协同工作，确保集群中的资源分配、应用程序部署和管理。以下是Master节点的主要组件：

1. Kubernetes API server（Kubernetes API服务器）：
   Kubernetes API服务器是集群的主要管理接口，负责处理来自kubectl命令行工具或Kubernetes REST API的请求。它验证请求并将它们发送到相应的组件。API服务器还负责存储集群状态的备份，以便在系统故障时恢复。

2. etcd：
   etcd是一个分布式键值存储，用于存储Kubernetes集群的配置数据。它具有高可用性和一致性，确保集群状态在整个集群中的正确性和一致性。

3. Scheduler（调度器）：
   调度器负责将未调度的Pod分配到合适的Node节点上，以满足资源需求和约束条件。它通过考虑每个节点的可用资源、Pod的资源需求和Pod之间的反亲和性/亲和性要求来做出调度决策。

4. Controller Manager（控制器管理器）：
   控制器管理器负责运行各种控制器，例如副本控制器（负责确保期望的副本数）、端点控制器（负责填充和更新服务对象上的端点）、服务帐户和令牌控制器（负责为ServiceAccount创建默认帐户和API访问令牌）等。控制器通过不断监测集群状态并采取相应行动来维护期望的集群状态。

Master节点的组件通过持续的通信和协作，确保Kubernetes集群的正常运行。这些组件提供了一种可靠、可扩展的方式来管理和部署容器化应用程序和服务。"
7,请描述Kubernetes的Node节点组件。,正确,"Kubernetes的Node节点是集群中的工作节点，负责运行容器化的应用程序。以下是Kubernetes的Node节点组件的描述：  
   
1. kubelet（节点代理）：  
   - kubelet是在每个Node节点上运行的主要组件，它负责管理和监控节点上的容器。  
   - kubelet与Master节点的kube-apiserver进行通信，接收到的Pod规范后，会确保Pod的容器在节点上按照规范运行，并定期报告节点和容器的状态。  
   
2. kube-proxy（网络代理）：  
   - kube-proxy负责为Pod提供网络代理和负载均衡的功能。  
   - kube-proxy通过维护节点上的网络规则，将集群内部的服务IP和端口映射到后端Pod的IP和端口，以实现服务发现和负载均衡。  
   
3. 容器运行时（Container Runtime）：  
   - 容器运行时是在Node节点上运行容器的软件，常见的容器运行时包括Docker、containerd、cri-o等。  
   - 容器运行时负责启动、停止和管理容器，确保容器的运行环境和资源隔离。  
   
4. Pod（容器组）：  
   - Pod是Kubernetes调度的最小单元，它可以包含一个或多个相关的容器。  
   - Pod是在Node节点上运行的实际容器实例，它提供了一组共享的网络和存储资源，容器可以共享这些资源进行通信和协作。  
   
这些Node节点组件共同协作，构建了Kubernetes的工作节点，用于运行和管理容器化的应用程序。kubelet负责管理和监控容器，kube-proxy提供网络代理和负载均衡，容器运行时负责容器的运行，而Pod是实际运行的容器实例。通过这些组件，Kubernetes的Node节点能够提供容器的运行环境，并与Master节点进行通信和协作，实现集群的应用程序部署和管理。",正确,"Kubernetes Node 节点是 Kubernetes 集群中负责运行容器的节点。以下是 Kubernetes Node 节点上的主要组件：
1. kubelet：kubelet 是 Kubernetes Node 节点上的主要组件，负责管理和控制容器。它接收来自 kube-apiserver 的指令，并将它们转化为容器的实际运行。kubelet 还负责监控容器的健康状况，并将它们的状态报告给 kube-apiserver。
2. kube-proxy：kube-proxy 是 Kubernetes Node 节点上的一个代理，负责代理容器与外部服务之间的通信。它通过将容器的流量转发到外部服务上，来确保容器能够正确地与外部服务进行通信。
3. container runtime：container runtime 是 Kubernetes Node 节点上的一个运行时，负责实际运行容器。它接收 kubelet 的指令，并将它们转化为容器的实际运行。container runtime 还负责监控容器的健康状况，并将它们的状态报告给 kubelet。
4. Volumes：Volumes 是 Kubernetes Node 节点上的一个存储管理器，负责管理容器的存储。它通过将容器的存储挂载到 Node 节点的文件系统上，来确保容器的存储能够被正确地管理和访问。
这些组件一起工作，共同管理和控制 Kubernetes Node 节点上的容器。",正确,"Kubernetes的Node节点（工作节点）负责运行容器化应用程序并执行集群的工作负载。每个Node节点都运行以下关键组件：

1. Kubelet：
   Kubelet是Node节点的主要代理，负责管理节点上运行的容器和Pod的生命周期。它通过与API服务器通信，监控集群分配给节点的Pods，并确保这些Pods按照预期的状态运行。Kubelet还负责与容器运行时（如Docker或containerd）通信，以创建、启动、停止和重启容器。

2. Kube-proxy：
   Kube-proxy是一个网络代理，负责维护Node节点上的网络规则和负载均衡。它通过实现Service的虚拟IP（ClusterIP）和后端Pod之间的通信，使集群内部的服务能够相互访问。Kube-proxy还可以实现网络策略和带宽管理。

3. Container runtime（容器运行时）：
   Container runtime负责运行容器，如Docker或containerd。它响应来自Kubelet的命令，创建、启动和停止容器。容器运行时与底层操作系统和硬件交互，以确保容器能够在Node节点上正常运行。

此外，Node节点还可以运行其他附加组件，例如网络插件、存储插件和监控插件，以提供额外的功能和支持。这些组件根据集群的需求和配置进行安装和配置。

Node节点的组件通过与Master节点组件的协同工作，确保集群资源的高效分配和管理。这些组件提供了一种可靠、可扩展的方式来运行和扩展容器化应用程序和服务。"
8,请描述Pod的生命周期。,正确,"Pod是Kubernetes中最小的调度单位，它包含一个或多个相关的容器，并共享相同的网络和存储资源。Pod的生命周期可以分为以下几个阶段：  
   
1. 创建（Creation）：  
   - Pod的创建是通过创建一个Pod对象的方式来实现的。Pod对象中定义了容器的规范、资源需求、存储卷等信息。  
   - 当Pod对象被提交给Kubernetes的API服务器后，调度器（kube-scheduler）会根据资源需求和调度策略，为Pod选择合适的节点进行调度。  
   
2. 启动（Pending）：  
   - 在调度成功后，Pod进入Pending状态。在此状态下，Kubernetes会为Pod分配资源（如IP地址、存储卷等），但容器尚未启动。  
   - 在Pending状态下，Kubernetes会等待节点上的容器运行时（如Docker）创建和启动Pod中的容器。  
   
3. 运行（Running）：  
   - 一旦容器运行时成功创建和启动了Pod中的容器，Pod进入Running状态。  
   - 在Running状态下，Pod的容器正常运行，并且可以接收和处理请求。  
   
4. 终止（Terminated）：  
   - 当Pod中的容器完成工作、被终止或发生故障时，Pod进入Terminated状态。  
   - 在Terminated状态下，Pod的容器已经停止运行。可以通过查看Pod的状态和日志来了解容器的终止原因。  
   
在Pod的生命周期中，还可以发生以下几种情况：  
   
- 重启（Restart）：如果容器的进程意外终止或发生错误，Kubernetes会根据容器的重启策略（如Always、OnFailure等）来自动重新启动容器。  
- 扩缩容（Scaling）：通过调整副本集（ReplicaSet）或状态集（StatefulSet）的副本数量，可以实现Pod的扩缩容，从而增加或减少运行中的Pod数量。  
- 更新（Update）：通过Deployment等资源对象的滚动更新功能，可以对Pod的镜像、环境变量等进行更新，以实现无宕机的应用程序更新。  
   
通过管理Pod的生命周期，Kubernetes提供了一种灵活且可靠的方式来管理容器化应用程序的部署和运行。",正确,"
Pod 是 Kubernetes 集群中的最小可部署对象，它是一组容器的集合。Pod 的生命周期包括以下阶段：
1. 创建（Create）：当使用 kubectl 命令创建一个 Pod 时，Kubernetes API server 将创建一个 Pod 对象，并分配一个唯一的 UID。此时，Pod 的状态为 Pending，表示 Pod 尚未被调度到任何 Node 上。
2. 调度（Schedule）：当 Pod 创建后，Kubernetes 调度器会根据 Pod 的定义和当前集群的状态，选择一个 Node 来运行该 Pod。此时，Pod 的状态变为 Running。
3. 运行（Running）：一旦 Pod 被调度到 Node 上，容器编排器（如 Docker）将启动容器并在 Node 上运行。容器的状态可以通过 kubectl 命令查看。
4. 停止（Stop）：当需要停止 Pod 时，可以使用 kubectl 命令停止 Pod。此时，Pod 的状态变为 Failed，容器将被终止，并从 Node 上移除。
5. 删除（Delete）：当需要删除 Pod 时，可以使用 kubectl 命令删除 Pod。此时，Pod 的状态变为 Deleted，Kubernetes API server 将删除 Pod 对象，并停止监控该 Pod 的状态。
在 Pod 的生命周期中，还有两个重要的概念：PreStop 和 PostStart。PreStop 是一个钩子，在容器被终止前被调用，可以用于执行一些清理工作，如关闭连接、保存数据等。PostStart 是一个钩子，在容器创建成功后被调用，可以用于执行一些初始化工作，如设置环境变量、加载配置文件等。",正确,"Pod是Kubernetes中的最小部署单元，包含一个或多个紧密相关的容器。Pod的生命周期描述了一个Pod从创建到终止的过程。以下是Pod生命周期的主要阶段：

1.  pending（挂起）：
   当一个新的Pod被创建时，它首先处于pending（挂起）状态。此时，Kubernetes正在为Pod分配可用的Node节点，并调度容器到该节点。

2.  running（运行）：
   当Pod被成功调度到Node节点，并且其所有容器都已启动时，Pod的状态将变为running（运行）。在这个阶段，Pod中的所有容器正在正常运行。

3.  succeeded（成功）：
   当Pod中的所有容器都成功执行并正常退出时，Pod的状态将变为succeeded（成功）。这意味着Pod完成了其预期的工作，不再需要继续运行。

4.  failed（失败）：
   如果Pod中的任何一个容器因为错误或异常而终止，且没有重启策略或者重启策略已达到最大尝试次数，Pod的状态将变为failed（失败）。这意味着Pod无法正常运行，需要修复问题或重新创建。

5.  unknown（未知）：
   如果由于某种原因，Kubernetes无法获取Pod的状态信息，Pod的状态将变为unknown（未知）。这可能是由于网络问题或API服务器的故障导致的。

在Pod的生命周期中，根据需要可以对Pod执行各种操作。例如，可以创建、更新、删除或查询Pod。Kubernetes还提供了一系列控制器（如Deployment、StatefulSet、DaemonSet和Job）来管理Pod的生命周期，并确保期望的状态和副本数量。通过控制Pod的生命周期，Kubernetes提供了一种可靠、可扩展的方式来运行和管理容器化应用程序和服务。"
9,K8S 中什么是Deployment?有什么特点?,正确,"在Kubernetes中，Deployment是一种资源对象，用于管理Pod副本集的创建、更新和回滚。它提供了一种声明式的方式来定义应用程序的部署和更新策略。以下是Deployment的特点：  
   
1. 副本集管理：Deployment通过创建和管理副本集（ReplicaSet）来确保指定数量的Pod副本在集群中运行。它可以根据需要自动调整副本数量，以适应应用程序的需求。  
   
2. 声明式配置：Deployment使用声明式的配置方式，通过定义Desired State（期望状态）来描述应用程序的部署和更新策略。Kubernetes会自动根据Desired State与实际状态的差异进行调整，以使应用程序达到期望的状态。  
   
3. 滚动更新：Deployment支持滚动更新策略，以确保应用程序在更新过程中的连续可用性。在进行更新时，Deployment会逐步替换旧的Pod副本，确保新的Pod副本成功运行后再继续进行下一个副本的更新。  
   
4. 回滚功能：Deployment允许进行回滚操作，以便在更新过程中发生问题时恢复到之前的稳定状态。通过指定回滚到的版本或历史修订号，Deployment会自动执行回滚操作，将应用程序恢复到指定的状态。  
   
5. 版本管理：Deployment会为每个部署的版本自动分配唯一的修订号，用于跟踪和管理不同版本的应用程序。通过使用修订号，可以方便地进行版本的回滚、比较和管理。  
   
6. 与其他资源对象的集成：Deployment可以与其他Kubernetes资源对象集成，如Service、Ingress等。通过与Service对象的结合，可以实现应用程序的负载均衡和服务发现；通过与Ingress对象的结合，可以实现应用程序的外部访问和路由。  
   
通过使用Deployment，开发人员可以方便地管理和控制应用程序的部署和更新。Deployment提供了灵活的配置选项和自动化的管理功能，使得应用程序的部署和更新过程更加可靠、可控和可回溯。",正确,"
在 Kubernetes 中，Deployment 是一种资源对象，用于管理 Pod 的部署和滚动升级。它提供了一种声明式的定义方法，使得用户无需手动创建 Pod 对象，而是通过创建 Deployment 对象来定义应用的部署方式和升级策略。Deployment 对象由 Deployment Controller 管理，该控制器会通过 Replicaset 对象间接管理 Pod 对象。因此，Deployment 比 Replicaset 功能更强大，支持 Replicaset 的所有功能，并支持发布的停止、继续和支持版本升级等功能。使用 Deployment 可以更方便地管理 Pod 部署和升级，并提供更高的可靠性和可扩展性。",正确,"Deployment是Kubernetes中用于管理和部署应用程序的一种资源对象。它通过控制ReplicaSet（副本集）来实现对Pod副本的管理。Deployment主要负责确保期望的Pod副本数量始终与定义的目标副本数保持一致，并支持滚动更新、回滚等功能。Deployment的特点如下：

1. 声明式更新：
   Deployment通过声明式配置管理Pod副本。用户只需描述期望的Pod状态，如容器镜像、副本数等，而不需要担心具体的更新过程。Kubernetes会自动将实际状态调整为期望状态。

2. 滚动更新与回滚：
   Deployment支持滚动更新，即在更新应用程序时逐步替换旧版本的Pod，同时确保服务的可用性。此外，Deployment还支持回滚，即在出现错误时将应用程序回滚到之前的版本。这有助于降低更新过程中引入风险的可能性。

3. 版本记录：
   Deployment为每个更新操作创建新的ReplicaSet，并将旧的ReplicaSet保留一段时间。这样，在需要时可以查看和管理应用程序的历史版本。

4. 自动扩缩容：
   Deployment可以根据资源需求自动调整Pod副本数。例如，可以根据CPU和内存使用率来实现水平自动扩缩容。

5. 自愈：
   如果Pod副本由于错误或异常而终止，Deployment将自动创建一个新的Pod副本来替换失败的副本，以确保目标副本数得到满足。

6. 简便性：
   Deployment为应用程序部署和管理提供了简洁的接口。用户只需创建一个Deployment对象，并提供相应的配置文件，Kubernetes就会自动处理部署、更新和扩缩容等操作。

通过使用Deployment，Kubernetes提供了一种可靠、可扩展的方式来部署和管理容器化应用程序和服务。它可以确保应用程序始终按照预期的方式运行，并提供了一系列更新和扩缩容功能，以满足不断变化的需求。"
10,K8S中什么是Service?常见的Service类型有哪些?,正确,"在Kubernetes中，Service是一种抽象的资源对象，用于定义一组Pod的访问方式和网络策略。它提供了一种稳定的网络端点，用于与后端Pod进行通信。以下是常见的Service类型：  
   
1. ClusterIP（集群内部服务）：  
   - ClusterIP类型的Service为集群内部的服务提供了一个虚拟IP地址，用于在集群内部进行服务发现和访问。  
   - 这种类型的Service只能在集群内部访问，对外部请求是不可见的。  
   
2. NodePort（节点端口服务）：  
   - NodePort类型的Service在每个节点上公开了一个端口，使得可以通过节点的IP地址和端口来访问Service。  
   - 它将流量转发到Service中的Pod副本，并将请求路由到其中一个可用的Pod。  
   
3. LoadBalancer（负载均衡服务）：  
   - LoadBalancer类型的Service通过云提供商的负载均衡器（如AWS ELB、GCP Load Balancer等）将流量分发到Service中的Pod副本。  
   - 云提供商会自动创建负载均衡器，并将外部流量路由到Service中的Pod。  
   
4. ExternalName（外部名称服务）：  
   - ExternalName类型的Service允许将服务映射到集群外部的任意DNS名称。  
   - 当通过Service名称进行访问时，它将返回指定的外部DNS名称的CNAME记录。  
   
这些Service类型可以根据应用程序的不同需求进行选择和配置。通过使用Service，可以实现应用程序的负载均衡、服务发现和网络策略等功能。根据应用程序的特点和部署环境，选择合适的Service类型可以有效地管理和控制应用程序的网络访问。",正确,"在 Kubernetes 中，Service 是一种资源对象，用于将 Pod 暴露到服务网络上，以便其他组件可以访问它们。Service 对象由 Service Controller 管理，该控制器会创建和维护 Service 代理，将请求转发到 Pod 上。Service 代理通常是运行在 Node 上的 Kubernetes Proxy，它们将请求转发到 Pod 上，并提供负载均衡、故障转移和高可用性等功能。
常见的 Service 类型有以下四种：
1.  ClusterIP（集群 IP）：ClusterIP 是默认的 Service 类型，它将 Service 暴露在集群内部，只能在集群内访问。Kubernetes 会为 ClusterIP 服务分配一个集群内部 IP 地址。
2.  NodePort（节点端口）：NodePort 服务是 ClusterIP 服务的扩展，它通过在 ClusterIP 服务之上添加一个节点端口，将 Service 暴露到集群外部。NodePort 服务在静态端口（NodePort）上公开每个节点 IP 上的服务。
3.  LoadBalancer（负载均衡器）：LoadBalancer 服务将 Service 暴露到外部负载均衡器上，以便外部组件可以访问它们。Kubernetes 会自动创建一个外部负载均衡器，并将 Service 代理转发到该负载均衡器上。
4.  ExternalName（外部名称）：ExternalName 服务将 Service 暴露为其外部名称，而不是 IP 地址或端口。这种类型的 Service 主要用于将 Service 暴露到集群外部，以便外部组件可以访问它们。
除了上述四种常见的 Service 类型外，还有一些其他类型的 Service，如：
1.  Headless Service：Headless Service 是一种特殊的 Service 类型，它不与任何 Pod 相关联，而是仅用于将请求转发到其他 Service 或 Endpoint 上。
2.  Custom Service：Custom Service 是一种自定义 Service 类型，它允许用户创建自定义的 Service 代理，以实现特定的网络功能。
总结起来，Service 是 Kubernetes 中非常重要的概念，它可以将 Pod 暴露到服务网络上，以便其他组件可以访问它们。了解不同类型的 Service 和其特点，可以帮助用户更好地管理 Kubernetes 集群。",正确,"在Kubernetes中，Service是一种抽象层，用于表示一组Pod的逻辑集合。Service提供了访问这些Pod的方式，实现负载均衡和网络通信。Service通过为Pod提供一个稳定的IP地址和DNS名称，使集群内的其他服务能够轻松地访问这些Pod，而无需知道具体的Pod IP地址。常见的Service类型包括：

1. ClusterIP：
   ClusterIP是默认的Service类型。它为Service分配一个内部IP地址，集群内部的其他服务可以通过该地址访问该Service。ClusterIP主要用于集群内部的服务通信。

2. NodePort：
   NodePort允许从集群外部访问Service。NodePort为Service分配一个静态端口，集群中的每个节点都暴露这个端口。访问者可以通过任意节点的IP地址和端口号访问该Service。NodePort主要用于对外提供服务的入口点。

3. LoadBalancer：
   LoadBalancer类型为Service分配一个云提供商负载均衡器的IP地址。访问者可以通过该IP地址访问Service。云提供商负责将流量负载均衡到集群内部的Pod。LoadBalancer适用于需要外部访问且负载均衡的场景。

4. ExternalName：
   ExternalName类型将Service映射到外部服务，如公司的其他集群服务或DNS名称。访问者可以通过Service的DNS名称访问外部服务。ExternalName不涉及负载均衡，而是将流量直接路由到外部服务。

通过使用这些Service类型，Kubernetes提供了一种灵活、可扩展的方式来管理和访问容器化应用程序和服务。Service能够确保应用程序和服务之间的网络通信，同时提供负载均衡和故障恢复功能。这使得在Kubernetes中构建和部署分布式系统变得更加简单和高效。"
11,怎么访问Kubernetes集群中的应用?,正确,"要访问Kubernetes集群中的应用程序，可以通过以下几种方式：  
   
1. 使用Service：  
   - Service是Kubernetes中定义的一种资源对象，用于公开应用程序的网络访问方式。  
   - 通过Service的ClusterIP、NodePort或LoadBalancer类型，可以在集群内部或集群外部访问应用程序。  
   - 使用Service的名称和端口，可以通过集群内部的DNS解析或通过公共IP和端口来访问应用程序。  
   
2. 使用Ingress：  
   - Ingress是Kubernetes中的资源对象，用于定义集群外部的访问规则和路由策略。  
   - 通过Ingress规则，可以将外部请求路由到集群内部的Service或Pod。  
   - Ingress通常与Ingress控制器（如Nginx Ingress Controller、Traefik等）结合使用，以提供负载均衡、SSL/TLS终止等功能。  
   
3. 使用NodePort：  
   - NodePort是Service的一种类型，通过在每个节点上公开一个端口，将流量转发到Service中的Pod。  
   - 可以使用任意节点的IP地址和公开的端口来访问应用程序。  
   
4. 使用LoadBalancer：  
   - LoadBalancer是Service的一种类型，通过云提供商的负载均衡器将流量分发到Service中的Pod。  
   - 云提供商会自动创建负载均衡器，并将外部流量路由到集群中的应用程序。  
   
5. 使用NodeIP和PodIP：  
   - 可以直接使用Node的IP地址或Pod的IP地址来访问应用程序。但这种方式需要了解和维护IP地址的变化和Pod的调度情况。  
   
以上是常见的访问Kubernetes集群中应用程序的方式。根据具体的需求和部署环境，选择合适的方式来访问应用程序，以提供稳定、可靠和安全的访问体验。",不准确,"访问 Kubernetes 集群中的应用有几种方法：
1. 使用 kubectl 命令行工具：可以使用 kubectl 命令行工具查询集群中运行的应用，并获取其 IP 地址或端口号。例如，可以使用以下命令查询部署的应用：
```  
kubectl get pods  
```
此命令将列出所有运行中的 Pod，包括其 IP 地址和端口号。可以使用这些信息来访问应用。
2. 使用 Kubernetes Dashboard：Kubernetes Dashboard 是一个基于 Web 的界面，用于管理和监控 Kubernetes 集群。可以使用 Dashboard 查看集群中运行的应用，并获取其 IP 地址或端口号。
3. 使用 NodePort 服务：如果应用部署在 NodePort 服务上，可以使用该服务的节点端口号访问应用。NodePort 服务将应用暴露到集群外部，因此可以从外部访问应用。
4. 使用 LoadBalancer 服务：如果应用部署在 LoadBalancer 服务上，可以使用该服务的负载均衡器 IP 地址访问应用。LoadBalancer 服务将应用暴露到外部负载均衡器上，因此可以从外部访问应用。
无论使用哪种方法，都需要首先登录到 Kubernetes 集群的控制平面，并拥有相应的权限来访问应用。",正确,"要访问Kubernetes集群中的应用，您需要遵循以下步骤：

1. 为您的服务创建Service：
   在创建服务之前，请确保您的应用程序已经以Pod的形式部署在Kubernetes集群中。然后，创建一个Service对象，将Pod关联到该服务。Service会为每个Pod分配一个唯一的DNS名称，这样集群内的其他服务就可以通过DNS名称访问这些Pod。

2. 选择合适的Service类型：
   根据应用程序的需求和访问方式，选择合适的Service类型。例如，如果服务只需要在集群内部访问，那么可以使用ClusterIP类型。如果需要从集群外部访问，可以选择NodePort或LoadBalancer类型。

3. 获取Service的访问信息：
   根据所选的Service类型，获取服务的访问信息。例如：

   - 如果使用ClusterIP类型，可以通过`<service-name>.<namespace>.svc.cluster.local`格式访问Service，其中`<service-name>`是Service的名称，`<namespace>`是Service所在的命名空间。
   - 如果使用NodePort类型，可以通过任意节点的IP地址和NodePort端口访问Service。NodePort端口可以通过`kubectl describe service <service-name>`命令查看。
   - 如果使用LoadBalancer类型，可以通过云提供商提供的负载均衡器的IP地址访问Service。该IP地址通常会自动分配，也可以通过`kubectl describe service <service-name>`命令查看。
   - 如果使用ExternalName类型，可以通过Service的DNS名称访问外部服务。

4. 访问应用程序：
   使用获取到的服务访问信息，通过相应的协议（如HTTP、TCP等）和端口访问应用程序。例如，如果应用程序提供HTTP服务并监听在端口80上，可以通过`***<service-address>:80`来访问应用程序。

通过这些步骤，您应该能够成功地访问Kubernetes集群中的应用程序。确保应用程序已正确部署、配置了适当的Service类型，并遵循安全策略，以确保访问安全性。"
12,怎么实现Kubernetes的负载均衡?,正确,"要实现Kubernetes的负载均衡，可以使用以下几种方式：  
   
1. 使用Service的LoadBalancer类型：  
   - 在Service对象中使用LoadBalancer类型，Kubernetes会与云提供商集成，自动创建一个负载均衡器，并将外部流量分发到Service中的Pod副本。  
   - 云提供商的负载均衡器会根据配置的负载均衡算法（如轮询、最少连接等）将请求路由到不同的Pod。  
   
2. 使用Ingress控制器：  
   - Ingress控制器是一种实现Ingress资源对象的组件，它可以负责将外部流量路由到集群内部的Service或Pod。  
   - Ingress控制器可以配置负载均衡算法、SSL/TLS终止等功能，以实现高级的负载均衡策略。  
   
3. 使用服务网格（Service Mesh）：  
   - 服务网格是一种专注于应用程序间通信的基础设施层，它提供了负载均衡、流量控制、故障恢复等功能。  
   - 常见的服务网格产品包括Istio、Linkerd等，它们可以与Kubernetes集成，提供强大的负载均衡和流量管理能力。  
   
4. 使用自定义的负载均衡器：  
   - 如果需要更高级的负载均衡策略，可以使用自定义的负载均衡器，例如使用Nginx、HAProxy等。  
   - 这种方式需要在Kubernetes集群外部部署和配置负载均衡器，并通过代理或反向代理的方式将流量路由到集群中的Service或Pod。  
   
根据具体的需求和部署环境，选择合适的负载均衡方式来实现Kubernetes的负载均衡。无论选择哪种方式，都可以确保应用程序的流量被均匀地分发到不同的Pod副本，提高应用程序的可用性和扩展性。",正确,"Kubernetes 提供了多种方式来实现负载均衡，以下是其中一些常见的方法：
1. 使用 Kubernetes Service：Kubernetes Service 是一种抽象，用于表示应用程序的入口点。Service 提供了一个稳定的 IP 地址和端口号，可以用于访问应用程序。Kubernetes 提供了两种类型的 Service：ClusterIP 和 NodePort。ClusterIP Service 将应用程序暴露到集群内部，而 NodePort Service 将应用程序暴露到集群外部。可以使用 NodePort Service 来实现负载均衡。
2. 使用 Kubernetes Ingress：Kubernetes Ingress 是一种基于 HTTP 的负载均衡器，用于将传入的请求路由到多个后端 Pod 上。Ingress 提供了一个稳定的 IP 地址和端口号，可以用于访问应用程序。Kubernetes 提供了两种类型的 Ingress：Classic 和 OpenShift。Classic Ingress 适用于基于 TCP 或 UDP 协议的应用程序，而 OpenShift Ingress 适用于基于 HTTP 或 HTTPS 协议的应用程序。
3. 使用第三方负载均衡器：除了 Kubernetes 自带的 Service 和 Ingress 之外，还可以使用第三方负载均衡器来实现负载均衡。例如，可以使用 NGINX、HAProxy 或 LoadBalancer 等第三方负载均衡器来实现负载均衡。
无论使用哪种方法，都需要定义一个负载均衡器，并将应用程序的流量路由到该负载均衡器上。然后，负载均衡器将流量分发到多个后端 Pod 上，以实现负载均衡。",正确,"在Kubernetes中，负载均衡主要通过Service对象实现。Service负责为Pod提供一个稳定的IP地址和DNS名称，同时实现负载均衡和网络通信。以下是Kubernetes中实现负载均衡的主要方法：

1. ClusterIP服务：
   对于ClusterIP类型的Service，Kubernetes会在集群内部为服务分配一个虚拟IP地址。Service将对所有连接到该IP地址的请求进行负载均衡，将请求分发到后端Pod。默认情况下，Kubernetes使用基于随机算法的负载均衡策略。

2. Session Affinity（会话亲和性）：
   Kubernetes还支持基于会话的负载均衡策略，称为会话亲和性。在这种策略下，Service会将来自同一会话的请求转发到同一个后端Pod。这可以确保在会话过程中，客户端始终与同一个Pod通信。要启用会话亲和性，可以在创建Service时使用`service.spec.sessionAffinity`配置参数。

3. 自定义负载均衡策略：
   如果需要基于其他规则实现负载均衡，可以配置自定义的负载均衡策略。例如，可以使用基于源IP、请求URL路径等的负载均衡策略。要实现自定义策略，可以创建自定义的负载均衡器或反向代理，并在Service中使用它。

4. 云提供商负载均衡器：
   对于需要从集群外部访问的服务，可以使用LoadBalancer类型的Service。在这种情况下，Kubernetes会自动创建云提供商的负载均衡器，并将Service的IP地址映射到该负载均衡器的IP地址。云提供商的负载均衡器负责实现负载均衡，将流量分发到后端Pod。

通过使用这些负载均衡方法，Kubernetes提供了一种灵活、可扩展的方式来管理和访问容器化应用程序和服务。Service能够确保应用程序和服务之间的网络通信，同时提供负载均衡和故障恢复功能。这使得在Kubernetes中构建和部署分布式系统变得更加简单和高效。"
13,怎么实现Kubernetes的滚动更新?,正确,"要实现Kubernetes的滚动更新，可以按照以下步骤进行操作：  
   
1. 使用Deployment资源对象：  
   - 首先，使用Deployment资源对象来管理应用程序的部署和更新。Deployment提供了滚动更新的功能，可以确保应用程序的连续可用性。  
   
2. 更新Deployment的配置：  
   - 更新Deployment对象的配置，例如镜像版本、环境变量等。可以通过命令行工具（如kubectl）或配置文件来更新Deployment的配置。  
   
3. 执行滚动更新命令：  
   - 使用kubectl命令执行滚动更新命令，指定要更新的Deployment名称和更新的配置。  
   - 例如，可以使用命令`kubectl set image deployment/my-deployment my-container=my-image:latest`来更新名为my-deployment的Deployment中的my-container容器的镜像版本。  
   
4. 滚动更新策略：  
   - 在滚动更新期间，Kubernetes会逐步替换旧的Pod副本，以确保新的Pod副本成功运行后再继续进行下一个副本的更新。  
   - 可以通过在Deployment中配置滚动更新策略来控制滚动更新的速度、并发数和失败阈值等参数。  
   
5. 监控滚动更新过程：  
   - 可以使用kubectl命令或Kubernetes的Dashboard来监控滚动更新过程。  
   - 通过查看Deployment的状态、Pod的状态和事件等信息，可以了解滚动更新的进度和可能出现的问题。  
   
6. 回滚操作（可选）：  
   - 如果在滚动更新过程中发生问题，可以执行回滚操作，将应用程序恢复到之前的稳定状态。  
   - 可以使用kubectl命令执行回滚操作，例如`kubectl rollout undo deployment/my-deployment`。  
   
通过以上步骤，可以实现Kubernetes的滚动更新功能，确保应用程序在更新过程中的连续可用性。滚动更新可以逐步替换旧的Pod副本，减少对应用程序的影响，并提供灵活的更新策略和回滚功能。",正确,"
Kubernetes 提供了滚动更新 (rolling-update) 的方式来实现对集群中服务的升级，避免因传统升级方式导致的服务中断。滚动更新是一种不中断服务的更新升级方式，对于多实例服务，采用对各个实例逐个进行单独更新而非同一时刻对所有实例进行全部更新的方式。
在 Kubernetes 中，一个 service 通过 label selector 匹配出一个 pods 集合，这些 Pods 作为 service 的 endpoint，是真正承载业务的实体。而 pod 在集群内的部署、调度、副本数则是通过 Deployment 或者 RC 这些更高级别的抽象来管理的。因此，Kubernetes service 的 rolling update 实质上是对 Service 所 match 出来的 Pod 集合的 Rolling update。
要实现 Kubernetes 的滚动更新，需要使用 Deployment 或 StatefulSet 等控制器来管理 Pod 的部署和更新。这些控制器会负责创建、更新和删除 Pod，并在更新时进行必要的滚动操作，以确保服务不会中断。同时，还需要使用 kubectl set image 命令来更新容器镜像，以实现服务的升级。
在滚动更新过程中，Kubernetes 会自动管理 Pod 的升级和回滚，确保服务始终可用。如果更新失败，Kubernetes 会自动回滚到先前的版本，以避免服务中断。此外，还可以使用 Kubernetes 的滚动更新控制器 (Rolling Update Controller) 来实现自动化的滚动更新，该控制器可以自动检测服务的更新，并自动执行滚动更新操作。",正确,"在Kubernetes中，滚动更新（Rolling Update）是一种逐步更新应用程序部署的方法，可以确保应用程序的持续可用性。滚动更新通过Deployment对象实现，Deployment会自动控制副本集（ReplicaSet），从而实现对Pod的滚动更新。以下是实现Kubernetes滚动更新的主要步骤：

1. 部署应用程序：
   首先，将应用程序部署到Kubernetes集群。使用Deployment对象创建应用程序，确保应用程序的所有Pod都正常运行。

2. 更新应用程序：
   当需要更新应用程序时，更新Deployment的配置文件，以反映新的容器镜像、环境变量等。然后，使用`kubectl apply`命令将更新应用于Deployment。

3. 观察更新过程：
   Kubernetes会自动将Deployment的配置更改应用到Pod。Deployment将逐步更新Pod，同时确保至少有一个Pod正常运行。在滚动更新过程中，可以运行`kubectl rollout status deploy/<deployment-name>`命令查看更新进度。

4. 回滚更新：
   如果更新过程中出现问题，可以回滚到之前的版本。使用`kubectl rollout undo deploy/<deployment-name>`命令执行回滚操作。Kubernetes将自动将Deployment配置更改为前一版本，并逐步更新Pod。

5. 最大化可用性和可靠性：
   为了确保更新过程的可用性和可靠性，可以配置Deployment的更新策略和参数。例如，可以设置最大不可用（MaxUnavailable）和最大超时（MaxSurge）参数，以控制滚动更新的速度和方式。此外，可以使用liveness和readiness探针确保Pod的健康状况。

通过实现Kubernetes的滚动更新，可以确保应用程序的持续可用性，同时降低更新过程中的风险。滚动更新可以帮助您更安全、更可靠地将应用程序部署到Kubernetes集群，同时提高运维效率。"
14,怎么实现Kubernetes的回滚操作?,正确,"要实现Kubernetes的回滚操作，可以按照以下步骤进行操作：  
   
1. 查看Deployment的历史修订号：  
   - 使用kubectl命令查看Deployment的历史修订号，可以通过命令`kubectl rollout history deployment/my-deployment`来查看。  
   - 历史修订号是用来标识不同版本的Deployment的唯一编号。  
   
2. 执行回滚操作：  
   - 使用kubectl命令执行回滚操作，将Deployment恢复到指定的历史修订号。例如，可以使用命令`kubectl rollout undo deployment/my-deployment --to-revision=2`将Deployment回滚到修订号为2的版本。  
   - 也可以使用命令`kubectl rollout undo deployment/my-deployment`来回滚到上一个修订号的版本。  
   
3. 监控回滚过程：  
   - 可以使用kubectl命令或Kubernetes的Dashboard来监控回滚过程。  
   - 通过查看Deployment的状态、Pod的状态和事件等信息，可以了解回滚的进度和可能出现的问题。  
   
4. 验证回滚结果：  
   - 在回滚操作完成后，可以使用kubectl命令或Kubernetes的Dashboard来验证回滚结果。  
   - 确保新的Pod副本成功运行，并且应用程序恢复到了之前的稳定状态。  
   
通过以上步骤，可以实现Kubernetes的回滚操作，将应用程序恢复到之前的稳定状态。回滚操作可以帮助应对应用程序更新过程中的问题，确保应用程序的可用性和稳定性。在执行回滚操作之前，建议先备份重要的数据和配置，以防止数据丢失或配置丢失。",正确,"在 Kubernetes 中，回滚操作可以通过以下步骤实现：
1. 使用 kubectl 命令删除更新的 Pod 镜像。可以使用以下命令来删除镜像：
```  
kubectl delete image <image-name>  
```
2. 手动删除更新的 Pod。可以使用以下命令来删除 Pod：
```  
kubectl delete pod <pod-name>  
```
3. 重建旧的 Pod 镜像。可以使用以下命令来重建旧的 Pod 镜像：
```  
kubectl create image <image-name> --from-manifest=<manifest-url>  
```
其中，`<image-name>` 是要重建的 Pod 镜像的名称，`<manifest-url>` 是 Pod 镜像的 manifest 文件的 URL。
4. 重建旧的 Pod。可以使用以下命令来重建旧的 Pod：
```  
kubectl apply -f <manifest-file>  
```
其中，`<manifest-file>` 是旧的 Pod 镜像的 manifest 文件。
如果需要回滚多个 Pod，可以使用以下命令来回滚整个 Deployment 或 StatefulSet：
```  
kubectl rollout undo deployment/<deployment-name>  
```
或者
```  
kubectl rollout undo statefulset/<statefulset-name>  
```
这些命令将回滚整个 Deployment 或 StatefulSet，并删除所有更新的 Pod。
在回滚操作期间，Kubernetes 会自动管理 Pod 的升级和回滚，以确保服务始终可用。如果回滚失败，Kubernetes 会自动回滚到先前的版本，以避免服务中断。",正确,"在Kubernetes中，回滚操作是一种将应用程序部署恢复到之前版本的方法，可用于修复更新过程中引入的问题。回滚操作通过Deployment对象实现。以下是实现Kubernetes回滚操作的主要步骤：

1. 部署应用程序：
   首先，将应用程序部署到Kubernetes集群。使用Deployment对象创建应用程序，确保应用程序的所有Pod都正常运行。

2. 更新应用程序：
   当需要更新应用程序时，更新Deployment的配置文件，以反映新的容器镜像、环境变量等。然后，使用`kubectl apply`命令将更新应用于Deployment。

3. 观察更新过程：
   Kubernetes会自动将Deployment的配置更改应用到Pod。Deployment将逐步更新Pod，同时确保至少有一个Pod正常运行。在滚动更新过程中，可以运行`kubectl rollout status deploy/<deployment-name>`命令查看更新进度。

4. 回滚更新：
   如果更新过程中出现问题，可以回滚到之前的版本。使用`kubectl rollout undo deploy/<deployment-name>`命令执行回滚操作。Kubernetes将自动将Deployment配置更改为前一版本，并逐步更新Pod。

5. 确认回滚结果：
   在执行回滚操作后，运行`kubectl rollout status deploy/<deployment-name>`命令查看回滚进度。确保应用程序已成功回滚到前一版本，并正常运行。

通过实现Kubernetes的回滚操作，可以在更新过程中出现问题时，快速将应用程序恢复到之前的稳定版本。回滚操作有助于降低更新过程中的风险，提高应用程序的稳定性和可靠性。"
15,怎么配置Kubernetes的资源请求和限制?,正确,"要配置Kubernetes的资源请求和限制，可以在Pod的配置文件或Deployment的配置文件中使用以下字段：  
   
1. 资源请求（Resource Requests）：  
   - 使用`resources.requests`字段指定容器对CPU和内存资源的最低要求。  
   - 例如，可以使用以下配置来指定容器对CPU和内存的请求：  
     ```  
     resources:  
       requests:  
         cpu: ""100m""  
         memory: ""256Mi""  
     ```  
   
2. 资源限制（Resource Limits）：  
   - 使用`resources.limits`字段指定容器对CPU和内存资源的上限。  
   - 例如，可以使用以下配置来限制容器对CPU和内存的使用：  
     ```  
     resources:  
       limits:  
         cpu: ""200m""  
         memory: ""512Mi""  
     ```  
   
3. 资源配额（Resource Quota）：  
   - 使用Resource Quota资源对象来限制命名空间中的资源使用情况。  
   - 可以通过定义Resource Quota对象来限制命名空间中的CPU、内存、存储等资源的总量。  
   
通过配置资源请求和限制，可以确保Pod在运行时具有足够的资源，并限制其使用的资源量。这有助于防止资源耗尽和应用程序之间的资源争用，提高集群的稳定性和可靠性。在配置资源请求和限制时，应根据应用程序的需求和集群的资源情况进行合理的设置。",正确,"
Kubernetes 提供了多种方式来配置资源的请求和限制。其中，可以通过以下方式来配置资源的请求和限制：
1. 使用 ResourceQuota 对象：ResourceQuota 对象可以用来限制命名空间中的资源请求和限制。通过配置 ResourceQuota 对象中的 request 和 limit 字段，可以限制部署在命名空间中的 Pod 的资源请求和限制。
2. 使用 ResourceRequests 和 ResourceLimits 字段：在 Pod 定义中，可以通过设置 ResourceRequests 和 ResourceLimits 字段来请求和限制 Pod 的资源。其中，ResourceRequests 字段用于请求所需的资源，而 ResourceLimits 字段用于限制 Pod 可以使用的资源。
3. 使用 ContainerResourceQuota 对象：ContainerResourceQuota 对象可以用来限制容器的资源请求和限制。通过配置 ContainerResourceQuota 对象中的 request 和 limit 字段，可以限制容器的资源请求和限制。
4. 使用 Taints 和 Tolerations：Taints 和 Tolerations 可以用来限制 Node 上可以部署的 Pod 的资源。通过将 Taints 添加到 Node 上，可以指示 Kubernetes 不要将某些资源请求高的 Pod 部署到该 Node 上。而通过将 Tolerations 添加到 Pod 定义中，可以指示 Pod 可以容忍的资源限制。
以上是一些可以用来配置 Kubernetes 资源请求和限制的方法。具体使用哪种方法，需要根据具体的场景和需求进行选择。",正确,"在Kubernetes中，资源请求和限制用于确保Pod在集群中运行得有效且稳定。资源请求表示Pod所需的资源，而资源限制表示Pod可以占用的资源上限。通过配置资源请求和限制，可以提高集群的资源利用率，并防止资源争用和竞争。以下是配置Kubernetes资源请求和限制的方法：

1. 编辑Deployment或Pod配置文件：
   在创建Deployment或编写Pod配置文件时，可以为容器定义资源请求和限制。资源请求和限制可以通过`resources`字段配置，该字段包含两个子字段：`requests`和`limits`。

2. 设置资源请求：
   设置资源请求以告知Kubernetes调度器，为Pod分配多少资源。资源请求包括CPU和内存资源。以下是一个设置资源请求的示例：

   ```
   apiVersion: v1
   kind: Pod
   metadata:
     name: nginx
   spec:
     containers:
     - name: nginx
       image: nginx:1.14.2
       resources:
         requests:
           cpu: ""100m""
           memory: ""128Mi""
   ```

   在这个示例中，为容器指定了100m（0.1个CPU核心）的CPU请求和128Mi（128MiB）的内存请求。

3. 设置资源限制：
   设置资源限制以确保容器不会占用过多的资源。资源限制包括CPU和内存资源。以下是一个设置资源限制的示例：

   ```
   apiVersion: v1
   kind: Pod
   metadata:
     name: nginx
   spec:
     containers:
     - name: nginx
       image: nginx:1.14.2
       resources:
         limits:
           cpu: ""500m""
           memory: ""512Mi""
   ```

   在这个示例中，为容器指定了500m（0.5个CPU核心）的CPU限制和512Mi（512MiB）的内存限制。

4. 应用配置更改：
   在配置资源请求和限制后，使用`kubectl apply`命令将更改应用到Deployment或Pod。Kubernetes将根据新的配置调度和限制容器资源。

通过配置Kubernetes的资源请求和限制，可以确保应用程序在集群中稳定运行，同时提高集群的资源利用率。这有助于优化资源分配，防止资源争用和竞争，并确保应用程序的高可用性和性能。"
16, 怎么配置Kubernetes的健康检查?,正确,"要配置Kubernetes的健康检查，可以在Pod的配置文件或Deployment的配置文件中使用以下字段：  
   
1. 存活探针（Liveness Probe）：  
   - 使用`livenessProbe`字段来定义一个命令、HTTP请求或TCP套接字的检查，用于确定容器是否处于运行状态。  
   - 例如，可以使用以下配置来定义HTTP请求的存活探针：  
     ```  
     livenessProbe:  
       httpGet:  
         path: /health  
         port: 8080  
     ```  
   
2. 就绪探针（Readiness Probe）：  
   - 使用`readinessProbe`字段来定义一个命令、HTTP请求或TCP套接字的检查，用于确定容器是否已准备好接受流量。  
   - 例如，可以使用以下配置来定义TCP套接字的就绪探针：  
     ```  
     readinessProbe:  
       tcpSocket:  
         port: 8080  
     ```  
   
3. 启动探针（Startup Probe）：  
   - 使用`startupProbe`字段来定义一个命令、HTTP请求或TCP套接字的检查，用于确定容器是否已成功启动。  
   - 例如，可以使用以下配置来定义命令的启动探针：  
     ```  
     startupProbe:  
       exec:  
         command:  
         - /bin/sh  
         - -c  
         - 'curl -s -o /dev/null http://localhost:8080 || exit 1'  
     ```  
   
通过配置健康检查，可以确保Kubernetes能够自动监测和管理容器的状态。如果容器的存活探针或就绪探针失败，Kubernetes将自动重启或停止容器，并将其替换为新的副本。这有助于提高应用程序的可用性和稳定性。在配置健康检查时，应根据应用程序的特性和需求选择适当的检查类型，并根据实际情况设置检查的路径、端口和时间间隔等参数。",正确,"
Kubernetes 健康检查是通过 Liveness 和 Readiness 探针来实现的。Liveness 探针用于检测容器是否活着，即容器是否正在运行并且可以被访问。Readiness 探针用于检测容器是否准备好了，即容器是否已经完成了初始化并且可以接受请求。
要配置 Kubernetes 健康检查，可以按照以下步骤进行操作：
1. 创建一个 Probe 对象：Probe 对象用于定义 Liveness 和 Readiness 探针。可以使用 kubectl create probe 命令来创建一个 Probe 对象。例如：
```  
kubectl create probe --namespace default --name my-probe --container my-container --protocol http --port 80  
```
此命令将创建一个名为 my-probe 的 Probe 对象，该对象将监控命名空间 default 中的 my-container 容器，并使用 HTTP 协议和端口 80 进行健康检查。
2. 配置 Liveness 和 Readiness 探针：在 Probe 对象中，可以使用 Liveness 和 Readiness 字段来配置探针。其中，Liveness 探针用于检测容器是否活着，而 Readiness 探针用于检测容器是否准备好了。可以使用 kubectl patch 命令来配置探针。例如：
```  
kubectl patch probe my-probe -p '{""liveness"": {""timeout"": 10}, ""readiness"": {""timeout"": 5}}'  
```
此命令将配置 my-probe Probe 对象的 Liveness 和 Readiness 探针，其中 Liveness 探针的超时时间为 10 秒，Readiness 探针的超时时间为 5 秒。
3. 部署 Deployment 或 StatefulSet 对象：在创建 Probe 对象之后，需要部署 Deployment 或 StatefulSet 对象来定义要部署的容器。可以使用 kubectl create 命令来部署 Deployment 或 StatefulSet 对象。例如：
```  
kubectl create deployment my-deployment --image my-image --namespace default  
```
此命令将创建一个名为 my-deployment 的 Deployment 对象，该对象将部署默认命名空间中的 my-image 容器。
4. 检查健康检查状态：可以使用 kubectl get pods 命令来检查容器的健康检查状态。例如：
```  
kubectl get pods --namespace default  
```
此命令将列出默认命名空间中的所有 Pod，包括它们的健康检查状态。
通过以上步骤，就可以配置 Kubernetes 健康检查。",正确,"在Kubernetes中，健康检查（Health Check）用于监控Pod中的容器是否正常运行。当容器出现问题时，Kubernetes会自动将Pod标记为不健康，并在必要时进行替换。健康检查可以通过两种方式实现：livenessProbe（活力探针）和readinessProbe（就绪探针）。

1. LivenessProbe（活力探针）：
   LivenessProbe用于检查容器是否仍在运行。如果LivenessProbe失败，Kubernetes将根据重启策略重新启动容器或删除Pod。

2. ReadinessProbe（就绪探针）：
   ReadinessProbe用于检查容器是否已准备好接受流量。如果ReadinessProbe失败，Kubernetes将把Pod从Service的端点列表中删除，直到它再次准备好。

配置健康检查的方法如下：

1. 编辑Deployment或Pod配置文件：
   在创建Deployment或编写Pod配置文件时，可以为容器定义健康检查。健康检查可以通过`livenessProbe`和`readinessProbe`字段配置。

2. 定义探针类型：
   探针类型包括以下三种：

   - Exec：执行容器中的一个命令。如果命令返回0，则探针成功；否则失败。
   - HTTP：向容器的HTTP服务器发送请求。如果响应状态码在200和400之间（不包括400），则探针成功；否则失败。
   - TCP：尝试与容器的TCP套接字建立连接。如果连接成功建立，则探针成功；否则失败。

3. 配置探针参数：
   针对每种探针类型，需要配置相应的参数。以下是每种探针类型的配置示例：

   - Exec探针：

   ```yaml
   livenessProbe:
     exec:
       command:
       - ls
       - /tmp
     initialDelaySeconds: 5
     periodSeconds: 5
   ```

   - HTTP探针：

   ```yaml
   readinessProbe:
     httpGet:
       path: /healthz
       port: 8080
     initialDelaySeconds: 5
     periodSeconds: 5
   ```

   - TCP探针：

   ```yaml
   livenessProbe:
     tcpSocket:
       port: 3000
     initialDelaySeconds: 5
     periodSeconds: 5
   ```

4. 应用配置更改：
   在配置健康检查后，使用`kubectl apply`命令将更改应用到Deployment或Pod。Kubernetes将根据新的配置执行健康检查，并在需要时采取相应措施。

通过配置Kubernetes的健康检查，可以确保应用程序在遇到故障时能够及时恢复，从而提高应用程序的可靠性和稳定性。这有助于降低故障恢复时间，确保应用程序的高可用性和性能。"
17,怎么配置Kubernetes的就绪检查?,正确,"要配置Kubernetes的就绪检查（Readiness Probe），可以在Pod的配置文件或Deployment的配置文件中使用以下字段：  
   
1. 就绪探针（Readiness Probe）：  
   - 使用`readinessProbe`字段来定义一个命令、HTTP请求或TCP套接字的检查，用于确定容器是否已准备好接受流量。  
   - 例如，可以使用以下配置来定义HTTP请求的就绪探针：  
     ```  
     readinessProbe:  
       httpGet:  
         path: /health  
         port: 8080  
     ```  
   
2. 检查类型：  
   - 就绪探针可以使用命令、HTTP请求或TCP套接字进行检查，具体取决于应用程序的类型和需求。  
   - 可以在`readinessProbe`字段中使用`exec`、`httpGet`或`tcpSocket`字段来指定不同的检查类型。  
   
3. 检查参数：  
   - 根据检查类型的不同，可以设置不同的参数来配置就绪探针。  
   - 例如，对于HTTP请求的就绪探针，可以设置`httpGet.path`来指定请求的路径，设置`httpGet.port`来指定请求的端口。  
   - 对于命令的就绪探针，可以设置`exec.command`来指定要执行的命令。  
   
通过配置就绪检查，可以确保Kubernetes在将流量路由到Pod之前，先检查容器是否已准备好接受流量。如果就绪探针失败，Kubernetes将不会将流量发送到该Pod，直到探针恢复为成功状态。这有助于避免将流量发送到尚未完全启动或未准备好的容器，提高应用程序的可用性和稳定性。在配置就绪检查时，应根据应用程序的特性和需求选择适当的检查类型，并根据实际情况设置检查的路径、端口和时间间隔等参数。",正确,"Kubernetes 就绪检查是通过 Readiness 探针来实现的。Readiness 探针用于检测容器是否准备好了，即容器是否已经完成了初始化并且可以接受请求。
要配置 Kubernetes 就绪检查，可以按照以下步骤进行操作：
1. 创建一个 Probe 对象：Probe 对象用于定义 Liveness 和 Readiness 探针。可以使用 kubectl create probe 命令来创建一个 Probe 对象。例如：
```    
kubectl create probe --namespace default --name my-probe --container my-container --protocol http --port 80    
```
此命令将创建一个名为 my-probe 的 Probe 对象，该对象将监控命名空间 default 中的 my-container 容器，并使用 HTTP 协议和端口 80 进行健康检查。
2. 配置 Readiness 探针：在 Probe 对象中，可以使用 Readiness 字段来配置探针。可以使用 kubectl patch 命令来配置探针。例如：
```    
kubectl patch probe my-probe -p '{""readiness"": {""timeout"": 5}}'    
```
此命令将配置 my-probe Probe 对象的 Readiness 探针，其中 Readiness 探针的超时时间为 5 秒。
3. 部署 Deployment 或 StatefulSet 对象：在创建 Probe 对象之后，需要部署 Deployment 或 StatefulSet 对象来定义要部署的容器。可以使用 kubectl create 命令来部署 Deployment 或 StatefulSet 对象。例如：
```    
kubectl create deployment my-deployment --image my-image --namespace default    
```
此命令将创建一个名为 my-deployment 的 Deployment 对象，该对象将部署默认命名空间中的 my-image 容器。
4. 检查就绪检查状态：可以使用 kubectl get pods 命令来检查容器的就绪检查状态。例如：
```    
kubectl get pods --namespace default    
```
此命令将列出默认命名空间中的所有 Pod，包括它们的就绪检查状态。
通过以上步骤，就可以配置 Kubernetes 就绪检查。",正确,"在Kubernetes中，就绪检查（Readiness Probe）用于确保Pod中的容器已准备好接受流量。当容器未准备好时，Kubernetes会将Pod从Service的端点列表中删除，直到它再次准备好。就绪检查可以通过以下方式配置：

1. 编辑Deployment或Pod配置文件：
   在创建Deployment或编写Pod配置文件时，可以为容器定义就绪检查。就绪检查可以通过`readinessProbe`字段配置。

2. 定义探针类型：
   探针类型包括以下三种：

   - Exec：执行容器中的一个命令。如果命令返回0，则探针成功；否则失败。
   - HTTP：向容器的HTTP服务器发送请求。如果响应状态码在200和400之间（不包括400），则探针成功；否则失败。
   - TCP：尝试与容器的TCP套接字建立连接。如果连接成功建立，则探针成功；否则失败。

3. 配置探针参数：
   针对每种探针类型，需要配置相应的参数。以下是每种探针类型的配置示例：

   - Exec探针：

   ```yaml
   readinessProbe:
     exec:
       command:
       - ls
       - /tmp
     initialDelaySeconds: 5
     periodSeconds: 5
   ```

   - HTTP探针：

   ```yaml
   readinessProbe:
     httpGet:
       path: /healthz
       port: 8080
     initialDelaySeconds: 5
     periodSeconds: 5
   ```

   - TCP探针：

   ```yaml
   readinessProbe:
     tcpSocket:
       port: 3000
     initialDelaySeconds: 5
     periodSeconds: 5
   ```

4. 应用配置更改：
   在配置就绪检查后，使用`kubectl apply`命令将更改应用到Deployment或Pod。Kubernetes将根据新的配置执行就绪检查，并在需要时将Pod从Service的端点列表中添加或删除。

通过配置Kubernetes的就绪检查，可以确保应用程序在遇到问题时能够及时恢复，从而提高应用程序的可靠性和稳定性。这有助于降低故障恢复时间，确保应用程序的高可用性和性能。"
18,怎么配置Kubernetes的主机亲和性?,正确,"要配置Kubernetes的主机亲和性（Node Affinity），可以在Pod的配置文件或Deployment的配置文件中使用以下字段：  
   
1. 节点选择器（Node Selector）：  
   - 使用`spec.nodeSelector`字段来指定Pod应该被调度到哪些节点上。  
   - 可以在`spec.nodeSelector`字段中使用标签键值对来选择具有特定标签的节点。  
   - 例如，可以使用以下配置将Pod调度到具有`disk=ssd`标签的节点上：  
     ```  
     spec:  
       nodeSelector:  
         disk: ssd  
     ```  
   
2. 节点亲和性（Node Affinity）：  
   - 使用`spec.affinity.nodeAffinity`字段来定义更复杂的节点亲和性规则。  
   - 可以在`spec.affinity.nodeAffinity`字段中使用`requiredDuringSchedulingIgnoredDuringExecution`或`preferredDuringSchedulingIgnoredDuringExecution`字段来指定节点选择的要求或偏好。  
   - 例如，可以使用以下配置来指定Pod偏好被调度到具有`disk=ssd`标签的节点上，但如果没有符合条件的节点，则仍然可以被调度到其他节点上：  
     ```  
     spec:  
       affinity:  
         nodeAffinity:  
           preferredDuringSchedulingIgnoredDuringExecution:  
           - weight: 1  
             preference:  
               matchExpressions:  
               - key: disk  
                 operator: In  
                 values:  
                 - ssd  
     ```  
   
通过配置主机亲和性，可以控制Pod在调度时所选择的节点。这可以根据节点的标签和属性，将Pod调度到满足特定需求或偏好的节点上。主机亲和性可以帮助优化资源利用和性能，以及满足特定的部署要求。在配置主机亲和性时，应根据应用程序的需求和集群的资源情况进行合理的设置。",正确,"Kubernetes 主机亲和性（Affinity）是一种调度策略，用于控制 Pod 在哪些节点上运行。通过设置亲和性，可以确保 Pod 在特定的节点上运行，或者避免 Pod 在某些节点上运行。
要配置 Kubernetes 主机亲和性，可以按照以下步骤进行操作：
1. 创建一个 PodAffinity 对象：使用 kubectl create podaffinity 命令创建一个 PodAffinity 对象。例如：
```  
kubectl create podaffinity --namespace default --name my-pod-affinity  
```
此命令将创建一个名为 my-pod-affinity 的 PodAffinity 对象。
2. 配置 PodAffinity 对象：使用 kubectl patch 命令配置 PodAffinity 对象。例如：
```  
kubectl patch podaffinity my-pod-affinity -p '{""requiredDuringSchedulingIgnoredDuringExecution"": [{""nodeSelector"": {""matchExpressions"": [{""key"": ""kubernetes.io/hostname"", ""operator"": ""In"", ""values"": [""node1"", ""node2""]}]}}]}'  
```
此命令将配置 my-pod-affinity PodAffinity 对象，要求 Pod 在节点 node1 或 node2 上运行。如果 Pod 在其他节点上运行，则会被忽视。
3. 部署 Deployment 或 StatefulSet 对象：在创建 PodAffinity 对象之后，需要部署 Deployment 或 StatefulSet 对象来定义要部署的容器。可以使用 kubectl create 命令来部署 Deployment 或 StatefulSet 对象。例如：
```  
kubectl create deployment my-deployment --image my-image --namespace default  
```
此命令将创建一个名为 my-deployment 的 Deployment 对象，该对象将部署默认命名空间中的 my-image 容器。
4. 检查主机亲和性：可以使用 kubectl get podaffinity 命令来检查 PodAffinity 对象的配置。例如：
```  
kubectl get podaffinity my-pod-affinity -o yaml  
```
此命令将显示 my-pod-affinity PodAffinity 对象的 YAML 配置，包括要求的节点选择器。
通过以上步骤，就可以配置 Kubernetes 主机亲和性。这样可以确保 Pod 在特定的节点上运行，或者避免 Pod 在某些节点上运行。",正确,"在Kubernetes中，主机亲和性（Node Affinity）用于控制Pod在集群中的部署位置。通过主机亲和性，可以将Pod调度到特定的节点上，以实现资源优化、提高性能、降低延迟等目的。主机亲和性可以通过以下方式配置：

1. 编辑Deployment或Pod配置文件：
   在创建Deployment或编写Pod配置文件时，可以为容器定义主机亲和性。主机亲和性可以通过`affinity`字段配置。

2. 定义主机亲和性规则：
   主机亲和性规则分为两种类型：requiredDuringSchedulingIgnoredDuringExecution（硬性约束）和preferredDuringSchedulingIgnoredDuringExecution（软性约束）。硬性约束要求Pod必须满足指定的条件才能部署到节点上；软性约束则表示优先部署到满足条件的节点上，但并不是强制性的。

3. 配置主机亲和性参数：
   针对每种亲和性规则，需要配置相应的参数。以下是每种规则的配置示例：

   - requiredDuringSchedulingIgnoredDuringExecution（硬性约束）：

   ```yaml
   affinity:
     nodeAffinity:
       requiredDuringSchedulingIgnoredDuringExecution:
         nodeSelectorTerms:
         - matchExpressions:
             - key: kubernetes.io/hostname
               operator: In
               values:
                 - node1
                 - node2
   ```

   - preferredDuringSchedulingIgnoredDuringExecution（软性约束）：

   ```yaml
   affinity:
     nodeAffinity:
       preferredDuringSchedulingIgnoredDuringExecution:
         - weight: 50
           preference:
             matchExpressions:
               - key: kubernetes.io/e2e-az-name
                 operator: In
                 values:
                   - e2e-az1
                   - e2e-az2
   ```

   在这些示例中，我们使用了`nodeSelectorTerms`（硬性约束）和`preference`（软性约束）字段来定义亲和性规则。对于硬性约束，我们指定了`key`（标签键）、`operator`（操作符）和`values`（标签值）。对于软性约束，我们指定了`weight`（权重）和与硬性约束相同的规则参数。

4. 应用配置更改：
   在配置主机亲和性后，使用`kubectl apply`命令将更改应用到Deployment或Pod。Kubernetes将根据新的配置调度Pod，确保它们满足指定的亲和性规则。

通过配置Kubernetes的主机亲和性，可以实现对集群资源的优化、提高性能、降低延迟等目的。这有助于更好地管理和维护集群，确保应用程序的高可用性和性能。"
19,怎么配置Kubernetes的污点和容忍?,正确,"要配置Kubernetes的污点和容忍（Taints and Tolerations），可以在Node的配置文件或Deployment的配置文件中使用以下字段：  
   
1. 污点（Taints）：  
   - 使用`kubectl taint`命令或在Node的配置文件中使用`spec.taints`字段来定义节点上的污点。  
   - 污点是一种标记，用于标识节点上的特殊条件，例如特定的硬件限制或维护计划。  
   - 例如，可以使用以下命令在节点上添加一个污点：  
     ```  
     kubectl taint nodes <node-name> key=value:taint-effect  
     ```  
   
2. 容忍（Tolerations）：  
   - 使用`spec.tolerations`字段来在Pod的配置文件中定义容忍规则，指示Pod可以容忍哪些污点。  
   - 容忍是一种声明，告诉Kubernetes调度器可以将具有特定污点的Pod调度到节点上。  
   - 例如，可以使用以下配置在Pod中定义容忍规则：  
     ```  
     spec:  
       tolerations:  
       - key: ""key""  
         operator: ""Equal""  
         value: ""value""  
         effect: ""NoSchedule""  
     ```  
   
通过配置污点和容忍，可以控制哪些Pod可以被调度到具有特定污点的节点上。这对于限制资源使用、隔离故障、分配特定任务等场景非常有用。在配置污点和容忍时，应根据实际需求和集群的资源情况进行合理的设置。",正确,"Kubernetes 的污点和容忍是用于控制 Pod 调度的策略。污点会标识那些有特殊要求的节点，容忍则指定了哪些节点可以接受具有特定要求的 Pod。通过使用污点和容忍，可以实现更细粒度的调度控制。
要配置 Kubernetes 的污点和容忍，可以按照以下步骤进行操作：
1. 创建一个 Taints 对象：使用 kubectl create taint 命令创建一个 Taints 对象。例如：
```    
kubectl create taint --namespace default --name my-taint -p '{""key"": ""example.com/my-taint"", ""value"": ""true""}'    
```
此命令将创建一个名为 my-taint 的 Taints 对象，其中 key 为 example.com/my-taint，value 为 true。
2. 配置容忍：使用 kubectl patch 命令配置容忍。例如：
```    
kubectl patch node my-node -p '{""tolerations"": [{""operator"": ""Exists"", ""effect"": ""NoSchedule"", ""key"": ""example.com/my-taint"", ""value"": ""true""}]}'    
```
此命令将配置名为 my-node 的节点的容忍，要求具有 example.com/my-taint 键值对的 Taints 存在的 Pod 才能在该节点上运行。
3. 部署 Pod：使用 kubectl create 命令部署 Pod。例如：
```    
kubectl create pod --image my-image --namespace default    
```
此命令将创建一个默认命名空间中的 my-image 容器的 Pod。
4. 检查污点和容忍：可以使用 kubectl get taint 和 kubectl get node 命令来检查污点和容忍的配置。例如：
```    
kubectl get taint -o yaml    
kubectl get node my-node -o yaml    
```
此命令将显示所有 Taints 对象的 YAML 配置，以及名为 my-node 的节点的 YAML 配置，包括容忍的设置。
通过以上步骤，就可以配置 Kubernetes 的污点和容忍。这样可以实现更细粒度的调度控制，以满足不同的部署需求。",正确,"在Kubernetes中，污点和容忍（Taints and Tolerations）用于控制Pod在集群中分配的位置。通过使用污点和容忍，可以为节点添加特定的污点，以便将Pod限制在满足某些条件的节点上。污点和容忍可以通过以下方式配置：

1. 编辑Deployment或Pod配置文件：
   在创建Deployment或编写Pod配置文件时，可以为容器定义容忍。容忍可以通过`tolerations`字段配置。

2. 配置污点和容忍参数：
   污点和容忍参数主要包括两个部分：污点（Taints）和容忍（Tolerations）。污点是添加到节点上的一个键值对，用于限制哪些Pod可以调度到该节点。容忍是Pod上的键值对，用于描述Pod可以容忍的污点。

   - 污点配置示例：

   ```yaml
   apiVersion: v1
   kind: Node
   metadata:
     name: node1
   spec:
     taints:
     - key: dedicated
       value: worker
       effect: NoSchedule
   ```

   在这个示例中，我们为名为`node1`的节点添加了一个名为`dedicated`的污点，其值为`worker`，效果为`NoSchedule`。这意味着具有相应容忍的Pod将不会被调度到该节点。

   - 容忍配置示例：

   ```yaml
   apiVersion: v1
   kind: Pod
   metadata:
     name: my-pod
   spec:
     containers:
     - name: my-container
       image: my-image
     tolerations:
     - key: dedicated
       operator: Equal
       value: worker
       effect: NoSchedule
   ```

   在这个示例中，我们为名为`my-pod`的Pod定义了一个容忍，其键为`dedicated`，操作符为`Equal`，值为`worker`，效果为`NoSchedule`。这意味着这个Pod将可以容忍带有`dedicated:worker`污点的节点。

3. 应用配置更改：
   在配置污点和容忍后，使用`kubectl apply`命令将更改应用到节点或Pod。Kubernetes将根据新的配置进行调度，确保Pod满足节点污点的要求。

通过配置Kubernetes的污点和容忍，可以为集群中的节点添加特定的约束，以确保Pod在满足这些约束的节点上运行。这有助于更好地管理和维护集群，确保应用程序的高可用性和性能。"
20,怎么给Kubernetes集群添加存储?,正确,"要给Kubernetes集群添加存储，可以使用以下方法之一：  
   
1. 使用持久卷（Persistent Volumes）：  
   - 创建一个持久卷对象，该对象定义了存储的类型、大小和访问模式等属性。  
   - 使用持久卷声明（Persistent Volume Claim）来请求一个或多个持久卷。  
   - 将持久卷声明与Pod或其他资源一起使用，以便将存储挂载到容器中。  
   - Kubernetes将负责在集群中的节点上动态创建或绑定持久卷，以及将其挂载到相应的Pod上。  
   
2. 使用存储类（Storage Class）：  
   - 创建一个存储类对象，该对象定义了存储的类型、大小、访问模式和动态供应商的配置等属性。  
   - 使用存储类来动态创建持久卷声明，而不需要手动创建持久卷。  
   - 将存储类和持久卷声明一起使用，以便在需要存储的资源上动态创建和绑定持久卷。  
   
3. 使用云提供商的存储解决方案：  
   - 如果你的Kubernetes集群运行在云提供商的平台上，可以使用其提供的存储解决方案，如Amazon EBS、Azure Disk或Google Persistent Disk等。  
   - 这些存储解决方案通常与云平台的块存储服务集成，并提供高可用性、持久性和可扩展性等特性。  
   
通过添加存储，可以为应用程序提供持久性的数据存储，并支持数据的持久化和共享。在选择存储解决方案时，应根据应用程序的需求、集群的环境和可用的资源进行合理的选择。",正确,"要给 Kubernetes 集群添加存储，可以使用 Kubernetes 的存储管理工具，例如 PersistentVolumeClaims（PVCs）和 StorageClasses。这些工具允许您在 Kubernetes 集群中创建、管理和配置存储资源。
以下是添加存储到 Kubernetes 集群的一般步骤：
1. 创建一个 StorageClass 对象。StorageClass 是 Kubernetes 存储管理的核心概念，它定义了存储资源的属性和特征，例如存储类型、容量、可用性等。您可以使用以下命令创建一个 StorageClass 对象：
```  
kubectl create storageclass my-storageclass --provisioner=kubernetes.io/aws-ebs  
```
此命令将创建一个名为 my-storageclass 的 StorageClass 对象，它使用 AWS EBS 作为存储提供程序。
2. 创建一个 PersistentVolumeClaim（PVC）对象。PVC 是一种存储请求，它定义了应用程序所需的存储容量和属性。您可以使用以下命令创建一个 PVC 对象：
```  
kubectl create pvc my-pvc --storageclass=my-storageclass --request-storage=1Gi --name=my-pvc  
```
此命令将创建一个名为 my-pvc 的 PVC 对象，它要求 1Gi 的存储容量，并使用名为 my-storageclass 的 StorageClass 对象。
3. 创建一个 Deployment 或 StatefulSet 对象。Deployment 或 StatefulSet 是 Kubernetes 中的应用程序部署对象，它们定义了应用程序的容器和存储要求。您可以使用以下命令创建一个 Deployment 或 StatefulSet 对象：
```  
kubectl create deployment my-deployment --image=my-image --pvc-name=my-pvc  
```
此命令将创建一个名为 my-deployment 的 Deployment 对象，它使用 my-image 容器镜像，并要求使用名为 my-pvc 的 PVC 对象的存储资源。
4. 等待 PVC 对象被绑定到 PersistentVolume（PV）对象。在创建 PVC 对象后，Kubernetes 将为该对象分配一个 PersistentVolume（PV）对象。PV 对象表示一个物理存储设备，它将存储数据持久化到磁盘上。您可以使用以下命令查看 PVC 对象的绑定情况：
```  
kubectl get pvc my-pvc -o yaml  
```
此命令将显示名为 my-pvc 的 PVC 对象的 YAML 配置，包括它所绑定的 PV 对象的信息。
通过以上步骤，您就可以向 Kubernetes 集群添加存储。您可以根据应用程序的实际需求调整存储容量、存储类型等属性，以满足不同的部署需求。",正确,"在Kubernetes集群中添加存储可以通过多种方法实现，包括使用本地存储、云存储服务或网络文件系统。这里，我们将介绍如何使用本地存储和云存储服务（例如Amazon EBS）。

1. 配置本地存储：
   对于本地存储，需要在每个节点上配置合适的存储驱动，例如`kube-storage-provisioner`。然后，可以通过创建StorageClass、PersistentVolume和PersistentVolumeClaim对象来使用本地存储。

   - 创建StorageClass：

   ```yaml
   apiVersion: storage.k8s.io/v1
   kind: StorageClass
   metadata:
     name: local-storage
   provisioner: kubernetes.io/no-provisioner
   volumeBindingMode: WaitForFirstConsumer
   ```

   - 创建PersistentVolume：

   ```yaml
   apiVersion: v1
   kind: PersistentVolume
   metadata:
     name: example-pv
   spec:
     storageClassName: local-storage
     capacity:
       storage: 1Gi
     accessModes:
       - ReadWriteOnce
     hostPath:
       path: /mnt/disks/ssd1
   ```

   - 创建PersistentVolumeClaim：

   ```yaml
   apiVersion: v1
   kind: PersistentVolumeClaim
   metadata:
     name: example-pvc
   spec:
     storageClassName: local-storage
     accessModes:
       - ReadWriteOnce
     resources:
       requests:
         storage: 1Gi
   ```

   创建了StorageClass、PersistentVolume和PersistentVolumeClaim对象后，可以使用StorageClass在Pod中请求存储。例如：

   ```yaml
   apiVersion: v1
   kind: Pod
   metadata:
     name: my-pod
   spec:
     containers:
     - name: my-container
       image: my-image
       volumeMounts:
       - name: example-volume
         mountPath: /data
     volumes:
     - name: example-volume
       persistentVolumeClaim:
         claimName: example-pvc
   ```

2. 配置云存储服务（以Amazon EBS为例）：
   对于Amazon EBS，首先需要创建一个IAM角色，允许Kubernetes访问和操作EBS资源。然后，创建一个使用Amazon EBS的StorageClass。

   - 创建IAM角色和实例配置文件：

   使用AWS CLI创建一个IAM角色和实例配置文件，并将配置文件应用于Kubernetes节点。

   - 创建StorageClass：

   ```yaml
   apiVersion: storage.k8s.io/v1
   kind: StorageClass
   metadata:
     name: gp2
   provisioner: kubernetes.io/aws-ebs
   parameters:
     type: gp2
     fsType: ext4
   ```

   - 创建PersistentVolumeClaim：

   ```yaml
   apiVersion: v1
   kind: PersistentVolumeClaim
   metadata:
     name: example-pvc
   spec:
     storageClassName: gp2
     accessModes:
       - ReadWriteOnce
     resources:
       requests:
         storage: 1Gi
   ```

   - 使用PersistentVolumeClaim：

   创建了StorageClass和PersistentVolumeClaim对象后，可以使用StorageClass在Pod中请求存储。例如：

   ```yaml
   apiVersion: v1
   kind: Pod
   metadata:
     name: my-pod
   spec:
     containers:
     - name: my-container
       image: my-image
       volumeMounts:
       - name: example-volume
         mountPath: /data
     volumes:
     - name: example-volume
       persistentVolumeClaim:
         claimName: example-pvc
   ```

配置好存储后，Kubernetes将根据请求的StorageClass自动创建和绑定PersistentVolume。Pod将根据PersistentVolumeClaim请求存储，并将其挂载到容器内的指定路径。这样，应用程序就可以访问存储并执行读写操作。"
21,怎么监控Kubernetes集群的状态?,正确,"要监控Kubernetes集群的状态，可以使用以下方法之一或结合使用多种方法：  
   
1. Kubernetes Dashboard：  
   - Kubernetes Dashboard是一个基于Web的用户界面，可用于监控和管理集群的状态。  
   - 通过kubectl命令启动Kubernetes Dashboard，并使用浏览器访问Dashboard的URL。  
   - 在Dashboard中，可以查看集群的整体状态、节点状态、Pod状态、事件和日志等信息。  
   
2. Prometheus和Grafana：  
   - 使用Prometheus和Grafana等监控工具来监控Kubernetes集群的状态。  
   - Prometheus是一个开源的监控系统，可以收集和存储集群的指标数据。  
   - Grafana是一个开源的数据可视化工具，可以将Prometheus收集的数据进行可视化和报表展示。  
   
3. 第三方监控解决方案：  
   - 使用第三方监控解决方案，如Datadog、New Relic、Sysdig等，来监控Kubernetes集群的状态。  
   - 这些解决方案通常提供更丰富的功能和灵活性，可以监控集群的性能、资源使用、日志和事件等。  
   
4. 自定义监控脚本和工具：  
   - 根据需求，编写自定义的监控脚本和工具来监控Kubernetes集群的状态。  
   - 可以使用Kubernetes API来获取集群的元数据和指标数据，或使用kubectl命令来查询和获取集群的状态信息。  
   
无论选择哪种方法，都可以通过监控Kubernetes集群的状态来获取集群的健康状况、资源使用情况、事件和日志等重要信息。这有助于及时发现和解决问题，提高集群的可用性和稳定性。在选择监控方法时，应根据集群的规模、需求和可用的资源进行合理的选择。",正确,"
要监控 Kubernetes 集群的状态，您可以使用 Kubernetes 提供的命令行工具 kubectl 和 kube-proxy，以及第三方监控工具如 Prometheus、Grafana 和 Jaeger 等。以下是一些监控 Kubernetes 集群状态的方法：
1. 使用 kubectl 命令行工具：
您可以使用 kubectl 命令行工具来检查 Kubernetes 集群的资源状态，例如 pod、service、ingress 等。例如，以下命令可以列出所有运行中的 pod：
```  
kubectl get pods  
```
以下命令可以列出所有服务：
```  
kubectl get services  
```
以下命令可以列出所有 ingress：
```  
kubectl get ingress  
```
2. 使用 kube-proxy 命令行工具：
kube-proxy 是 Kubernetes 集群中的代理服务器，它可以拦截流量并提供代理服务。您可以使用 kube-proxy 命令行工具来检查代理服务的状态，例如：
```  
kube-proxy status  
```
此命令将显示代理服务的状态、连接情况和代理端的信息。
3. 使用第三方监控工具：
除了 Kubernetes 提供的命令行工具外，您还可以使用第三方监控工具来监控 Kubernetes 集群的状态。例如，Prometheus 是一种流行的监控工具，它可以收集和存储 Kubernetes 集群的指标数据，并提供查询和可视化功能。Grafana 是一种可视化平台，它可以与 Prometheus 集成，让您可以更轻松地查看 Kubernetes 集群的状态。Jaeger 是一种分布式追踪工具，它可以帮助您查找和诊断 Kubernetes 集群中的问题。
总结起来，监控 Kubernetes 集群的状态需要综合使用多种工具和技术，以便更全面地了解集群的健康状况和运行情况。",正确,"要监控Kubernetes集群的状态，可以使用多种方法和工具。以下是一些建议：

1. Kubernetes原生工具：
   Kubernetes本身提供了一些原生工具，可以用于监控和控制集群状态。

   - kubectl：Kubernetes命令行工具，用于与集群交互，查询资源状态和执行操作。
   - kubectl describe：用于获取特定资源的详细信息，例如节点、Pod、Service等。
   - kubectl logs：用于查看Pod中的容器日志，帮助诊断问题。
   - kubectl exec：用于在Pod中的容器内执行命令，以便进一步了解容器内部状况。

2. Kubernetes仪表板（Dashboard）：
   Kubernetes仪表板是一个基于Web的UI，用于展示集群状态、资源和运行中的应用程序。通过仪表板，您可以查看集群的整体状态、资源使用情况和其他相关信息。

   要安装仪表板，请运行以下命令：

   ```
   kubectl apply -f ***
   ```

   然后，创建一个具有仪表板访问权限的ServiceAccount：

   ```
   kubectl apply -f ***
   ```

   最后，获取仪表板的访问令牌并启动Kubernetes代理以访问仪表板：

   ```
   kubectl create clusterrolebinding dashboard-admin-binding --clusterrole=cluster-admin --serviceaccount=kube-system:dashboard-admin
   kubectl proxy
   ```

3. Prometheus和Grafana：
   Prometheus是一个开源的监控和警报工具，可以收集和处理Kubernetes集群的度量数据。Grafana是一个可视化和仪表板构建工具，可以将Prometheus收集到的数据以图表和仪表板的形式展示出来。

   要使用Prometheus和Grafana监控Kubernetes集群，请遵循官方文档中的安装和配置指南：

   - [Prometheus Operator](***
   * [Prometheus Kubernetes监控](***
   * [Grafana Labs Kubernetes监控](***

** 其他监控工具：
   还有许多其他第三方监控工具可以集成到Kubernetes集群中，例如Sysdig、Datadog、New Relic等。这些工具通常提供更丰富的功能和可视化选项，以便更好地监控和管理集群状态。

通过使用上述工具和方法，您可以监控Kubernetes集群的状态，确保集群正常运行，并根据需要调整资源分配和优化性能。"