编号,prompt,答案评分,Azure OpenAI(GPT-3.5-16k)
1,请简要解释一下什么是云原生?,正确,"云原生是一种软件开发和部署的方法论，旨在使应用程序能够充分利用云计算环境的弹性、可扩展性和可靠性。它强调使用容器化部署、微服务架构、自动化管理和持续交付等技术，以提高应用程序的可移植性、可伸缩性和容错性。  
   
云原生应用程序通常使用容器技术（如Docker）将应用程序及其依赖项封装为独立的、可移植的容器。这些容器可以在任何支持容器运行时的环境中部署和运行，例如公有云、私有云或混合云。  
   
此外，云原生应用程序还采用微服务架构，将应用程序拆分为一组独立的小型服务，每个服务都可以独立开发、部署和扩展。这种架构使应用程序更具弹性和可伸缩性，能够更好地适应不断变化的需求。  
   
自动化管理是云原生的另一个关键特征。通过使用自动化工具和平台，可以自动化应用程序的部署、扩展、监控和修复等任务，提高开发和运维效率。  
   
最后，云原生强调持续交付，即通过自动化构建、测试和部署流程，实现快速、频繁地交付新功能和更新。  
   
总之，云原生是一种以容器化、微服务、自动化管理和持续交付为核心的软件开发和部署方法，旨在实现应用程序在云计算环境中的高度可移植性、可伸缩性和容错性。"
2,Kubernetes和Docker的关系是什么?,正确,"Kubernetes和Docker是云原生应用程序开发和部署的两个重要技术组件，它们在云原生生态系统中扮演着不同的角色。  
   
Docker是一种容器化技术，它允许将应用程序及其依赖项封装为独立的、可移植的容器。Docker容器可以在任何支持Docker运行时的环境中进行部署和运行，提供了一致性和可重复性的应用程序交付和部署机制。Docker通过将应用程序与其运行时环境隔离，实现了高度可移植性和资源利用率的提升。  
   
而Kubernetes是一个开源的容器编排平台，用于管理和编排大规模容器化应用程序的部署、扩展和管理。它提供了自动化的容器编排、负载均衡、服务发现、自动伸缩和自愈等功能，使得应用程序能够在分布式环境中高效运行。Kubernetes通过定义一组抽象的资源对象（如Pod、Service、Deployment等），并提供强大的调度和管理功能，实现了容器化应用程序的自动化部署和管理。  
   
因此，可以说Docker提供了容器化的基础技术，而Kubernetes则提供了容器编排和管理的高级功能。在云原生应用程序开发和部署中，通常使用Docker将应用程序打包为容器，然后使用Kubernetes来管理和编排这些容器，以实现高度可伸缩、可靠和弹性的应用程序运行环境。"
3,请描述Kubernetes的主要组件及其作用?,正确,"Kubernetes是一个开源的容器编排平台，由一组核心组件和附加组件组成，每个组件都有不同的作用和功能。以下是Kubernetes的主要组件及其作用的简要描述：  
   
1. Master组件：  
   - kube-apiserver：作为Kubernetes API的前端，处理用户和其他组件的请求。  
   - kube-controller-manager：负责处理集群级别的控制器，如副本集控制器、服务控制器等。  
   - kube-scheduler：负责根据资源需求和策略，为新创建的Pod选择合适的节点进行调度。  
   
2. Node组件：  
   - kubelet：在每个节点上运行，负责管理和监控节点上的容器，与Master组件进行通信。  
   - kube-proxy：负责为Pod提供网络代理和负载均衡功能，实现集群内部的服务发现和访问。  
   
3. etcd：  
   - 分布式键值存储系统，用于存储集群的配置数据和状态信息。  
   
4. Add-ons组件：  
   - DNS插件：为集群内的Pod提供DNS解析服务。  
   - Dashboard：提供Web界面，用于可视化集群的状态和管理操作。  
   - Ingress Controller：负责将外部请求路由到集群内部的服务。  
   - Metrics Server：收集和暴露集群中的资源使用情况指标。  
   - Logging/monitoring等其他附加组件：用于集群的日志记录和监控等功能。  
   
这些组件共同协作，构建了Kubernetes的基本架构，实现了容器化应用程序的自动化部署、扩展、管理和高可用。Master组件负责集群的控制和管理，Node组件负责在节点上运行和管理容器，etcd用于存储集群的配置和状态信息，而Add-ons组件提供了额外的功能和扩展，以满足不同的需求和场景。"
4,解释一下Kubernetes的部署策略有哪些?,正确,"Kubernetes提供了多种部署策略，以满足不同应用程序的需求和场景。以下是Kubernetes常用的部署策略：  
   
1. 部署（Deployment）：使用Deployment对象可以创建和管理应用程序的副本集，确保指定数量的Pod副本在集群中运行。Deployment支持滚动更新、回滚、扩缩容等功能，使应用程序的部署和更新更加可控和灵活。  
   
2. 副本集（ReplicaSet）：副本集是一组具有相同配置的Pod副本的抽象。它用于确保指定数量的Pod副本在集群中运行，并提供了扩缩容和滚动更新的能力。副本集通常由Deployment自动创建和管理。  
   
3. 状态集（StatefulSet）：状态集是一种用于有状态应用程序的部署策略。与副本集不同，状态集为Pod分配稳定的网络标识和持久化的存储卷，确保有状态应用程序的顺序部署、有序扩缩容和有序删除。  
   
4. 守护进程集（DaemonSet）：守护进程集用于在集群的每个节点上运行一个副本，确保每个节点都有一个指定的Pod运行。它常用于运行后台任务、日志收集、监控代理等系统级别的服务。  
   
5. 任务（Job）：任务用于一次性的、短暂的作业执行，即一次性运行一个或多个Pod来执行特定任务。任务可以是并行运行的，也可以是串行运行的，通常用于批处理、数据处理等场景。  
   
6. 定时任务（CronJob）：定时任务是基于时间表达式的作业调度器，用于周期性地运行指定的任务。它类似于Cron表达式，可以设置任务的运行时间和频率。  
   
通过选择合适的部署策略，开发人员可以根据应用程序的特点和需求，实现高效、可靠和灵活的应用程序部署和管理。"
5,如何在Kubernetes中实现服务发现和负载均衡?,正确,"在Kubernetes中，可以通过以下两种方式实现服务发现和负载均衡：  
   
1. 通过Service对象：  
   - 创建一个Service对象来定义一个逻辑服务，并为该服务指定一组Pod副本作为后端。Service对象为该服务分配一个唯一的虚拟IP地址（Cluster IP），并将客户端的请求路由到后端Pod副本。  
   - Service对象支持不同的服务类型，包括ClusterIP、NodePort和LoadBalancer。ClusterIP类型为该服务在集群内部提供了一个虚拟IP地址，NodePort类型在每个节点上都公开了一个端口，LoadBalancer类型通过云提供商的负载均衡器将流量分发到Service对象中的Pod副本。  
   - 使用Service对象，应用程序可以通过Service名称来进行服务发现，并通过该名称进行负载均衡，无需关心后端Pod副本的具体IP地址和端口。  
   
2. 通过Ingress对象：  
   - 创建一个Ingress对象来定义应用程序的外部访问规则。Ingress对象充当入口点，将外部流量路由到集群内部的Service对象。  
   - Ingress对象可以根据请求的主机名、路径或其他规则进行流量路由。它支持使用不同的Ingress控制器来实现负载均衡，如Nginx Ingress Controller、Traefik等。  
   - 通过Ingress对象，可以实现多个服务的域名映射和负载均衡，将流量动态地路由到不同的Service对象和后端Pod副本。  
   
这些方法使得应用程序能够实现服务发现和负载均衡，从而提供高可用性和弹性的服务。通过使用Service和Ingress对象，Kubernetes提供了一种灵活且易于管理的方式来处理应用程序的流量路由和负载均衡需求。"
6,请描述Kubernetes的Master节点组件,正确,"Kubernetes的Master节点是集群的控制平面，负责管理和监控整个集群的运行状态。以下是Kubernetes的Master节点组件的描述：  
   
1. kube-apiserver（Kubernetes API服务器）：  
   - kube-apiserver是Kubernetes集群的前端，作为集群的API接口，处理用户和其他组件的请求。  
   - 它负责验证和授权请求、接收和处理集群的配置和状态更新，以及提供集群的元数据和操作。  
   
2. kube-controller-manager（控制器管理器）：  
   - kube-controller-manager是一组控制器的集合，负责处理集群级别的控制循环。  
   - 其中包括副本集控制器、服务控制器、节点控制器等，它们监控集群的状态，根据预定义的规则和策略，自动调整和管理集群中的资源。  
   
3. kube-scheduler（调度器）：  
   - kube-scheduler负责根据Pod的资源需求和调度策略，为新创建的Pod选择合适的节点进行调度。  
   - 调度器考虑节点的资源利用率、亲和性规则、互斥规则等因素，以实现高效的资源利用和负载均衡。  
   
4. etcd（键值存储）：  
   - etcd是一个分布式键值存储系统，用于存储集群的配置数据和状态信息。  
   - 它是Kubernetes的持久化存储，确保集群的配置和状态在Master节点的重启或故障恢复后仍然可用。  
   
这些Master节点组件共同协作，构建了Kubernetes的控制平面，实现了集群的管理和控制。kube-apiserver提供API接口，kube-controller-manager负责控制循环，kube-scheduler负责调度Pod，而etcd存储集群的配置和状态信息。通过这些组件，Kubernetes的Master节点能够管理和监控集群的运行状态，并提供对外的API接口供用户和其他组件进行交互和操作。"
7,请描述Kubernetes的Node节点组件。,正确,"Kubernetes的Node节点是集群中的工作节点，负责运行容器化的应用程序。以下是Kubernetes的Node节点组件的描述：  
   
1. kubelet（节点代理）：  
   - kubelet是在每个Node节点上运行的主要组件，它负责管理和监控节点上的容器。  
   - kubelet与Master节点的kube-apiserver进行通信，接收到的Pod规范后，会确保Pod的容器在节点上按照规范运行，并定期报告节点和容器的状态。  
   
2. kube-proxy（网络代理）：  
   - kube-proxy负责为Pod提供网络代理和负载均衡的功能。  
   - kube-proxy通过维护节点上的网络规则，将集群内部的服务IP和端口映射到后端Pod的IP和端口，以实现服务发现和负载均衡。  
   
3. 容器运行时（Container Runtime）：  
   - 容器运行时是在Node节点上运行容器的软件，常见的容器运行时包括Docker、containerd、cri-o等。  
   - 容器运行时负责启动、停止和管理容器，确保容器的运行环境和资源隔离。  
   
4. Pod（容器组）：  
   - Pod是Kubernetes调度的最小单元，它可以包含一个或多个相关的容器。  
   - Pod是在Node节点上运行的实际容器实例，它提供了一组共享的网络和存储资源，容器可以共享这些资源进行通信和协作。  
   
这些Node节点组件共同协作，构建了Kubernetes的工作节点，用于运行和管理容器化的应用程序。kubelet负责管理和监控容器，kube-proxy提供网络代理和负载均衡，容器运行时负责容器的运行，而Pod是实际运行的容器实例。通过这些组件，Kubernetes的Node节点能够提供容器的运行环境，并与Master节点进行通信和协作，实现集群的应用程序部署和管理。"
8,请描述Pod的生命周期。,正确,"Pod是Kubernetes中最小的调度单位，它包含一个或多个相关的容器，并共享相同的网络和存储资源。Pod的生命周期可以分为以下几个阶段：  
   
1. 创建（Creation）：  
   - Pod的创建是通过创建一个Pod对象的方式来实现的。Pod对象中定义了容器的规范、资源需求、存储卷等信息。  
   - 当Pod对象被提交给Kubernetes的API服务器后，调度器（kube-scheduler）会根据资源需求和调度策略，为Pod选择合适的节点进行调度。  
   
2. 启动（Pending）：  
   - 在调度成功后，Pod进入Pending状态。在此状态下，Kubernetes会为Pod分配资源（如IP地址、存储卷等），但容器尚未启动。  
   - 在Pending状态下，Kubernetes会等待节点上的容器运行时（如Docker）创建和启动Pod中的容器。  
   
3. 运行（Running）：  
   - 一旦容器运行时成功创建和启动了Pod中的容器，Pod进入Running状态。  
   - 在Running状态下，Pod的容器正常运行，并且可以接收和处理请求。  
   
4. 终止（Terminated）：  
   - 当Pod中的容器完成工作、被终止或发生故障时，Pod进入Terminated状态。  
   - 在Terminated状态下，Pod的容器已经停止运行。可以通过查看Pod的状态和日志来了解容器的终止原因。  
   
在Pod的生命周期中，还可以发生以下几种情况：  
   
- 重启（Restart）：如果容器的进程意外终止或发生错误，Kubernetes会根据容器的重启策略（如Always、OnFailure等）来自动重新启动容器。  
- 扩缩容（Scaling）：通过调整副本集（ReplicaSet）或状态集（StatefulSet）的副本数量，可以实现Pod的扩缩容，从而增加或减少运行中的Pod数量。  
- 更新（Update）：通过Deployment等资源对象的滚动更新功能，可以对Pod的镜像、环境变量等进行更新，以实现无宕机的应用程序更新。  
   
通过管理Pod的生命周期，Kubernetes提供了一种灵活且可靠的方式来管理容器化应用程序的部署和运行。"
9,K8S 中什么是Deployment?有什么特点?,正确,"在Kubernetes中，Deployment是一种资源对象，用于管理Pod副本集的创建、更新和回滚。它提供了一种声明式的方式来定义应用程序的部署和更新策略。以下是Deployment的特点：  
   
1. 副本集管理：Deployment通过创建和管理副本集（ReplicaSet）来确保指定数量的Pod副本在集群中运行。它可以根据需要自动调整副本数量，以适应应用程序的需求。  
   
2. 声明式配置：Deployment使用声明式的配置方式，通过定义Desired State（期望状态）来描述应用程序的部署和更新策略。Kubernetes会自动根据Desired State与实际状态的差异进行调整，以使应用程序达到期望的状态。  
   
3. 滚动更新：Deployment支持滚动更新策略，以确保应用程序在更新过程中的连续可用性。在进行更新时，Deployment会逐步替换旧的Pod副本，确保新的Pod副本成功运行后再继续进行下一个副本的更新。  
   
4. 回滚功能：Deployment允许进行回滚操作，以便在更新过程中发生问题时恢复到之前的稳定状态。通过指定回滚到的版本或历史修订号，Deployment会自动执行回滚操作，将应用程序恢复到指定的状态。  
   
5. 版本管理：Deployment会为每个部署的版本自动分配唯一的修订号，用于跟踪和管理不同版本的应用程序。通过使用修订号，可以方便地进行版本的回滚、比较和管理。  
   
6. 与其他资源对象的集成：Deployment可以与其他Kubernetes资源对象集成，如Service、Ingress等。通过与Service对象的结合，可以实现应用程序的负载均衡和服务发现；通过与Ingress对象的结合，可以实现应用程序的外部访问和路由。  
   
通过使用Deployment，开发人员可以方便地管理和控制应用程序的部署和更新。Deployment提供了灵活的配置选项和自动化的管理功能，使得应用程序的部署和更新过程更加可靠、可控和可回溯。"
10,K8S中什么是Service?常见的Service类型有哪些?,正确,"在Kubernetes中，Service是一种抽象的资源对象，用于定义一组Pod的访问方式和网络策略。它提供了一种稳定的网络端点，用于与后端Pod进行通信。以下是常见的Service类型：  
   
1. ClusterIP（集群内部服务）：  
   - ClusterIP类型的Service为集群内部的服务提供了一个虚拟IP地址，用于在集群内部进行服务发现和访问。  
   - 这种类型的Service只能在集群内部访问，对外部请求是不可见的。  
   
2. NodePort（节点端口服务）：  
   - NodePort类型的Service在每个节点上公开了一个端口，使得可以通过节点的IP地址和端口来访问Service。  
   - 它将流量转发到Service中的Pod副本，并将请求路由到其中一个可用的Pod。  
   
3. LoadBalancer（负载均衡服务）：  
   - LoadBalancer类型的Service通过云提供商的负载均衡器（如AWS ELB、GCP Load Balancer等）将流量分发到Service中的Pod副本。  
   - 云提供商会自动创建负载均衡器，并将外部流量路由到Service中的Pod。  
   
4. ExternalName（外部名称服务）：  
   - ExternalName类型的Service允许将服务映射到集群外部的任意DNS名称。  
   - 当通过Service名称进行访问时，它将返回指定的外部DNS名称的CNAME记录。  
   
这些Service类型可以根据应用程序的不同需求进行选择和配置。通过使用Service，可以实现应用程序的负载均衡、服务发现和网络策略等功能。根据应用程序的特点和部署环境，选择合适的Service类型可以有效地管理和控制应用程序的网络访问。"
11,怎么访问Kubernetes集群中的应用?,正确,"要访问Kubernetes集群中的应用程序，可以通过以下几种方式：  
   
1. 使用Service：  
   - Service是Kubernetes中定义的一种资源对象，用于公开应用程序的网络访问方式。  
   - 通过Service的ClusterIP、NodePort或LoadBalancer类型，可以在集群内部或集群外部访问应用程序。  
   - 使用Service的名称和端口，可以通过集群内部的DNS解析或通过公共IP和端口来访问应用程序。  
   
2. 使用Ingress：  
   - Ingress是Kubernetes中的资源对象，用于定义集群外部的访问规则和路由策略。  
   - 通过Ingress规则，可以将外部请求路由到集群内部的Service或Pod。  
   - Ingress通常与Ingress控制器（如Nginx Ingress Controller、Traefik等）结合使用，以提供负载均衡、SSL/TLS终止等功能。  
   
3. 使用NodePort：  
   - NodePort是Service的一种类型，通过在每个节点上公开一个端口，将流量转发到Service中的Pod。  
   - 可以使用任意节点的IP地址和公开的端口来访问应用程序。  
   
4. 使用LoadBalancer：  
   - LoadBalancer是Service的一种类型，通过云提供商的负载均衡器将流量分发到Service中的Pod。  
   - 云提供商会自动创建负载均衡器，并将外部流量路由到集群中的应用程序。  
   
5. 使用NodeIP和PodIP：  
   - 可以直接使用Node的IP地址或Pod的IP地址来访问应用程序。但这种方式需要了解和维护IP地址的变化和Pod的调度情况。  
   
以上是常见的访问Kubernetes集群中应用程序的方式。根据具体的需求和部署环境，选择合适的方式来访问应用程序，以提供稳定、可靠和安全的访问体验。"
12,怎么实现Kubernetes的负载均衡?,正确,"要实现Kubernetes的负载均衡，可以使用以下几种方式：  
   
1. 使用Service的LoadBalancer类型：  
   - 在Service对象中使用LoadBalancer类型，Kubernetes会与云提供商集成，自动创建一个负载均衡器，并将外部流量分发到Service中的Pod副本。  
   - 云提供商的负载均衡器会根据配置的负载均衡算法（如轮询、最少连接等）将请求路由到不同的Pod。  
   
2. 使用Ingress控制器：  
   - Ingress控制器是一种实现Ingress资源对象的组件，它可以负责将外部流量路由到集群内部的Service或Pod。  
   - Ingress控制器可以配置负载均衡算法、SSL/TLS终止等功能，以实现高级的负载均衡策略。  
   
3. 使用服务网格（Service Mesh）：  
   - 服务网格是一种专注于应用程序间通信的基础设施层，它提供了负载均衡、流量控制、故障恢复等功能。  
   - 常见的服务网格产品包括Istio、Linkerd等，它们可以与Kubernetes集成，提供强大的负载均衡和流量管理能力。  
   
4. 使用自定义的负载均衡器：  
   - 如果需要更高级的负载均衡策略，可以使用自定义的负载均衡器，例如使用Nginx、HAProxy等。  
   - 这种方式需要在Kubernetes集群外部部署和配置负载均衡器，并通过代理或反向代理的方式将流量路由到集群中的Service或Pod。  
   
根据具体的需求和部署环境，选择合适的负载均衡方式来实现Kubernetes的负载均衡。无论选择哪种方式，都可以确保应用程序的流量被均匀地分发到不同的Pod副本，提高应用程序的可用性和扩展性。"
13,怎么实现Kubernetes的滚动更新?,正确,"要实现Kubernetes的滚动更新，可以按照以下步骤进行操作：  
   
1. 使用Deployment资源对象：  
   - 首先，使用Deployment资源对象来管理应用程序的部署和更新。Deployment提供了滚动更新的功能，可以确保应用程序的连续可用性。  
   
2. 更新Deployment的配置：  
   - 更新Deployment对象的配置，例如镜像版本、环境变量等。可以通过命令行工具（如kubectl）或配置文件来更新Deployment的配置。  
   
3. 执行滚动更新命令：  
   - 使用kubectl命令执行滚动更新命令，指定要更新的Deployment名称和更新的配置。  
   - 例如，可以使用命令`kubectl set image deployment/my-deployment my-container=my-image:latest`来更新名为my-deployment的Deployment中的my-container容器的镜像版本。  
   
4. 滚动更新策略：  
   - 在滚动更新期间，Kubernetes会逐步替换旧的Pod副本，以确保新的Pod副本成功运行后再继续进行下一个副本的更新。  
   - 可以通过在Deployment中配置滚动更新策略来控制滚动更新的速度、并发数和失败阈值等参数。  
   
5. 监控滚动更新过程：  
   - 可以使用kubectl命令或Kubernetes的Dashboard来监控滚动更新过程。  
   - 通过查看Deployment的状态、Pod的状态和事件等信息，可以了解滚动更新的进度和可能出现的问题。  
   
6. 回滚操作（可选）：  
   - 如果在滚动更新过程中发生问题，可以执行回滚操作，将应用程序恢复到之前的稳定状态。  
   - 可以使用kubectl命令执行回滚操作，例如`kubectl rollout undo deployment/my-deployment`。  
   
通过以上步骤，可以实现Kubernetes的滚动更新功能，确保应用程序在更新过程中的连续可用性。滚动更新可以逐步替换旧的Pod副本，减少对应用程序的影响，并提供灵活的更新策略和回滚功能。"
14,怎么实现Kubernetes的回滚操作?,正确,"要实现Kubernetes的回滚操作，可以按照以下步骤进行操作：  
   
1. 查看Deployment的历史修订号：  
   - 使用kubectl命令查看Deployment的历史修订号，可以通过命令`kubectl rollout history deployment/my-deployment`来查看。  
   - 历史修订号是用来标识不同版本的Deployment的唯一编号。  
   
2. 执行回滚操作：  
   - 使用kubectl命令执行回滚操作，将Deployment恢复到指定的历史修订号。例如，可以使用命令`kubectl rollout undo deployment/my-deployment --to-revision=2`将Deployment回滚到修订号为2的版本。  
   - 也可以使用命令`kubectl rollout undo deployment/my-deployment`来回滚到上一个修订号的版本。  
   
3. 监控回滚过程：  
   - 可以使用kubectl命令或Kubernetes的Dashboard来监控回滚过程。  
   - 通过查看Deployment的状态、Pod的状态和事件等信息，可以了解回滚的进度和可能出现的问题。  
   
4. 验证回滚结果：  
   - 在回滚操作完成后，可以使用kubectl命令或Kubernetes的Dashboard来验证回滚结果。  
   - 确保新的Pod副本成功运行，并且应用程序恢复到了之前的稳定状态。  
   
通过以上步骤，可以实现Kubernetes的回滚操作，将应用程序恢复到之前的稳定状态。回滚操作可以帮助应对应用程序更新过程中的问题，确保应用程序的可用性和稳定性。在执行回滚操作之前，建议先备份重要的数据和配置，以防止数据丢失或配置丢失。"
15,怎么配置Kubernetes的资源请求和限制?,正确,"要配置Kubernetes的资源请求和限制，可以在Pod的配置文件或Deployment的配置文件中使用以下字段：  
   
1. 资源请求（Resource Requests）：  
   - 使用`resources.requests`字段指定容器对CPU和内存资源的最低要求。  
   - 例如，可以使用以下配置来指定容器对CPU和内存的请求：  
     ```  
     resources:  
       requests:  
         cpu: ""100m""  
         memory: ""256Mi""  
     ```  
   
2. 资源限制（Resource Limits）：  
   - 使用`resources.limits`字段指定容器对CPU和内存资源的上限。  
   - 例如，可以使用以下配置来限制容器对CPU和内存的使用：  
     ```  
     resources:  
       limits:  
         cpu: ""200m""  
         memory: ""512Mi""  
     ```  
   
3. 资源配额（Resource Quota）：  
   - 使用Resource Quota资源对象来限制命名空间中的资源使用情况。  
   - 可以通过定义Resource Quota对象来限制命名空间中的CPU、内存、存储等资源的总量。  
   
通过配置资源请求和限制，可以确保Pod在运行时具有足够的资源，并限制其使用的资源量。这有助于防止资源耗尽和应用程序之间的资源争用，提高集群的稳定性和可靠性。在配置资源请求和限制时，应根据应用程序的需求和集群的资源情况进行合理的设置。"
16, 怎么配置Kubernetes的健康检查?,正确,"要配置Kubernetes的健康检查，可以在Pod的配置文件或Deployment的配置文件中使用以下字段：  
   
1. 存活探针（Liveness Probe）：  
   - 使用`livenessProbe`字段来定义一个命令、HTTP请求或TCP套接字的检查，用于确定容器是否处于运行状态。  
   - 例如，可以使用以下配置来定义HTTP请求的存活探针：  
     ```  
     livenessProbe:  
       httpGet:  
         path: /health  
         port: 8080  
     ```  
   
2. 就绪探针（Readiness Probe）：  
   - 使用`readinessProbe`字段来定义一个命令、HTTP请求或TCP套接字的检查，用于确定容器是否已准备好接受流量。  
   - 例如，可以使用以下配置来定义TCP套接字的就绪探针：  
     ```  
     readinessProbe:  
       tcpSocket:  
         port: 8080  
     ```  
   
3. 启动探针（Startup Probe）：  
   - 使用`startupProbe`字段来定义一个命令、HTTP请求或TCP套接字的检查，用于确定容器是否已成功启动。  
   - 例如，可以使用以下配置来定义命令的启动探针：  
     ```  
     startupProbe:  
       exec:  
         command:  
         - /bin/sh  
         - -c  
         - 'curl -s -o /dev/null http://localhost:8080 || exit 1'  
     ```  
   
通过配置健康检查，可以确保Kubernetes能够自动监测和管理容器的状态。如果容器的存活探针或就绪探针失败，Kubernetes将自动重启或停止容器，并将其替换为新的副本。这有助于提高应用程序的可用性和稳定性。在配置健康检查时，应根据应用程序的特性和需求选择适当的检查类型，并根据实际情况设置检查的路径、端口和时间间隔等参数。"
17,怎么配置Kubernetes的就绪检查?,正确,"要配置Kubernetes的就绪检查（Readiness Probe），可以在Pod的配置文件或Deployment的配置文件中使用以下字段：  
   
1. 就绪探针（Readiness Probe）：  
   - 使用`readinessProbe`字段来定义一个命令、HTTP请求或TCP套接字的检查，用于确定容器是否已准备好接受流量。  
   - 例如，可以使用以下配置来定义HTTP请求的就绪探针：  
     ```  
     readinessProbe:  
       httpGet:  
         path: /health  
         port: 8080  
     ```  
   
2. 检查类型：  
   - 就绪探针可以使用命令、HTTP请求或TCP套接字进行检查，具体取决于应用程序的类型和需求。  
   - 可以在`readinessProbe`字段中使用`exec`、`httpGet`或`tcpSocket`字段来指定不同的检查类型。  
   
3. 检查参数：  
   - 根据检查类型的不同，可以设置不同的参数来配置就绪探针。  
   - 例如，对于HTTP请求的就绪探针，可以设置`httpGet.path`来指定请求的路径，设置`httpGet.port`来指定请求的端口。  
   - 对于命令的就绪探针，可以设置`exec.command`来指定要执行的命令。  
   
通过配置就绪检查，可以确保Kubernetes在将流量路由到Pod之前，先检查容器是否已准备好接受流量。如果就绪探针失败，Kubernetes将不会将流量发送到该Pod，直到探针恢复为成功状态。这有助于避免将流量发送到尚未完全启动或未准备好的容器，提高应用程序的可用性和稳定性。在配置就绪检查时，应根据应用程序的特性和需求选择适当的检查类型，并根据实际情况设置检查的路径、端口和时间间隔等参数。"
18,怎么配置Kubernetes的主机亲和性?,正确,"要配置Kubernetes的主机亲和性（Node Affinity），可以在Pod的配置文件或Deployment的配置文件中使用以下字段：  
   
1. 节点选择器（Node Selector）：  
   - 使用`spec.nodeSelector`字段来指定Pod应该被调度到哪些节点上。  
   - 可以在`spec.nodeSelector`字段中使用标签键值对来选择具有特定标签的节点。  
   - 例如，可以使用以下配置将Pod调度到具有`disk=ssd`标签的节点上：  
     ```  
     spec:  
       nodeSelector:  
         disk: ssd  
     ```  
   
2. 节点亲和性（Node Affinity）：  
   - 使用`spec.affinity.nodeAffinity`字段来定义更复杂的节点亲和性规则。  
   - 可以在`spec.affinity.nodeAffinity`字段中使用`requiredDuringSchedulingIgnoredDuringExecution`或`preferredDuringSchedulingIgnoredDuringExecution`字段来指定节点选择的要求或偏好。  
   - 例如，可以使用以下配置来指定Pod偏好被调度到具有`disk=ssd`标签的节点上，但如果没有符合条件的节点，则仍然可以被调度到其他节点上：  
     ```  
     spec:  
       affinity:  
         nodeAffinity:  
           preferredDuringSchedulingIgnoredDuringExecution:  
           - weight: 1  
             preference:  
               matchExpressions:  
               - key: disk  
                 operator: In  
                 values:  
                 - ssd  
     ```  
   
通过配置主机亲和性，可以控制Pod在调度时所选择的节点。这可以根据节点的标签和属性，将Pod调度到满足特定需求或偏好的节点上。主机亲和性可以帮助优化资源利用和性能，以及满足特定的部署要求。在配置主机亲和性时，应根据应用程序的需求和集群的资源情况进行合理的设置。"
19,怎么配置Kubernetes的污点和容忍?,正确,"要配置Kubernetes的污点和容忍（Taints and Tolerations），可以在Node的配置文件或Deployment的配置文件中使用以下字段：  
   
1. 污点（Taints）：  
   - 使用`kubectl taint`命令或在Node的配置文件中使用`spec.taints`字段来定义节点上的污点。  
   - 污点是一种标记，用于标识节点上的特殊条件，例如特定的硬件限制或维护计划。  
   - 例如，可以使用以下命令在节点上添加一个污点：  
     ```  
     kubectl taint nodes <node-name> key=value:taint-effect  
     ```  
   
2. 容忍（Tolerations）：  
   - 使用`spec.tolerations`字段来在Pod的配置文件中定义容忍规则，指示Pod可以容忍哪些污点。  
   - 容忍是一种声明，告诉Kubernetes调度器可以将具有特定污点的Pod调度到节点上。  
   - 例如，可以使用以下配置在Pod中定义容忍规则：  
     ```  
     spec:  
       tolerations:  
       - key: ""key""  
         operator: ""Equal""  
         value: ""value""  
         effect: ""NoSchedule""  
     ```  
   
通过配置污点和容忍，可以控制哪些Pod可以被调度到具有特定污点的节点上。这对于限制资源使用、隔离故障、分配特定任务等场景非常有用。在配置污点和容忍时，应根据实际需求和集群的资源情况进行合理的设置。"
20,怎么给Kubernetes集群添加存储?,正确,"要给Kubernetes集群添加存储，可以使用以下方法之一：  
   
1. 使用持久卷（Persistent Volumes）：  
   - 创建一个持久卷对象，该对象定义了存储的类型、大小和访问模式等属性。  
   - 使用持久卷声明（Persistent Volume Claim）来请求一个或多个持久卷。  
   - 将持久卷声明与Pod或其他资源一起使用，以便将存储挂载到容器中。  
   - Kubernetes将负责在集群中的节点上动态创建或绑定持久卷，以及将其挂载到相应的Pod上。  
   
2. 使用存储类（Storage Class）：  
   - 创建一个存储类对象，该对象定义了存储的类型、大小、访问模式和动态供应商的配置等属性。  
   - 使用存储类来动态创建持久卷声明，而不需要手动创建持久卷。  
   - 将存储类和持久卷声明一起使用，以便在需要存储的资源上动态创建和绑定持久卷。  
   
3. 使用云提供商的存储解决方案：  
   - 如果你的Kubernetes集群运行在云提供商的平台上，可以使用其提供的存储解决方案，如Amazon EBS、Azure Disk或Google Persistent Disk等。  
   - 这些存储解决方案通常与云平台的块存储服务集成，并提供高可用性、持久性和可扩展性等特性。  
   
通过添加存储，可以为应用程序提供持久性的数据存储，并支持数据的持久化和共享。在选择存储解决方案时，应根据应用程序的需求、集群的环境和可用的资源进行合理的选择。"
21,怎么监控Kubernetes集群的状态?,正确,"要监控Kubernetes集群的状态，可以使用以下方法之一或结合使用多种方法：  
   
1. Kubernetes Dashboard：  
   - Kubernetes Dashboard是一个基于Web的用户界面，可用于监控和管理集群的状态。  
   - 通过kubectl命令启动Kubernetes Dashboard，并使用浏览器访问Dashboard的URL。  
   - 在Dashboard中，可以查看集群的整体状态、节点状态、Pod状态、事件和日志等信息。  
   
2. Prometheus和Grafana：  
   - 使用Prometheus和Grafana等监控工具来监控Kubernetes集群的状态。  
   - Prometheus是一个开源的监控系统，可以收集和存储集群的指标数据。  
   - Grafana是一个开源的数据可视化工具，可以将Prometheus收集的数据进行可视化和报表展示。  
   
3. 第三方监控解决方案：  
   - 使用第三方监控解决方案，如Datadog、New Relic、Sysdig等，来监控Kubernetes集群的状态。  
   - 这些解决方案通常提供更丰富的功能和灵活性，可以监控集群的性能、资源使用、日志和事件等。  
   
4. 自定义监控脚本和工具：  
   - 根据需求，编写自定义的监控脚本和工具来监控Kubernetes集群的状态。  
   - 可以使用Kubernetes API来获取集群的元数据和指标数据，或使用kubectl命令来查询和获取集群的状态信息。  
   
无论选择哪种方法，都可以通过监控Kubernetes集群的状态来获取集群的健康状况、资源使用情况、事件和日志等重要信息。这有助于及时发现和解决问题，提高集群的可用性和稳定性。在选择监控方法时，应根据集群的规模、需求和可用的资源进行合理的选择。"