编号,prompt,答案评分,ChatGLM
1,请简要解释一下什么是云原生?,,"
云原生（Cloud Native）是一种构建和运行应用程序的方法，该方法充分利用了云计算的优势。云原生应用程序是基于微服务、容器和自动化技术构建的，可以快速、高效地部署、扩展和管理。云原生应用程序可以运行在多个云提供商和混合云环境中，并具有高可用性、可伸缩性和弹性。云原生方法还提供了一种通用的、标准化的方式来构建、部署和管理应用程序，从而提高了开发人员的生产力和效率。云原生是一种新兴的应用程序构建和管理方法，已经成为云计算领域的重要趋势。"
2,Kubernetes和Docker的关系是什么?,,"
Kubernetes 和 Docker 是两个在容器化应用程序部署和管理方面密切相关的工具。Docker 是一种开源的容器化平台，它允许开发者将应用程序和其依赖项打包成轻量级的容器，从而提供独立、可移植和可扩展的运行环境。而 Kubernetes 是一个开源的容器集群管理系统，可以实现容器集群的自动化部署、自动扩缩容、维护等功能。因此，Kubernetes 和 Docker 可以被视为一种互补关系，Kubernetes 可以帮助开发者管理和部署 Docker 容器，而 Docker 则提供了一种轻量级的方式来打包和部署应用程序。"
3,请描述Kubernetes的主要组件及其作用?,,"
Kubernetes 是一个开源的容器编排和管理工具，用于自动化、部署、扩展和操作容器化应用程序。以下是 Kubernetes 的一些核心组件及其功能：
1. kube-apiserver：提供 Kubernetes API 的接口，用于管理和控制整个集群。它是 Kubernetes 控制中心的核心组件，所有的操作都通过它进行。
2. kube-controller-manager：用于运行各种控制器，例如节点控制器、副本控制器和服务控制器，以确保系统状态符合期望。
3. etcd：Kubernetes 的配置存储库，用于存储集群的配置信息，如应用程序的定义、网络设置、安全性设置等。
4. kubelet：是 Kubernetes 的节点代理，用于管理容器化的应用程序。它与 kube-apiserver 通信，确保容器在节点上正确运行和停止。
5. kube-proxy：Kubernetes 的代理，用于实现服务之间的负载均衡和故障转移。它可以将应用程序的流量路由到不同的容器或集群中。
6. DaemonSet：Kubernetes 的一种资源对象，用于管理集群中的后台进程。它确保这些进程在所有节点上正确运行，以便支持其他 Kubernetes 组件。
7. Deployment：Kubernetes 的一种资源对象，用于定义和部署应用程序。它确保应用程序在集群中正确地运行和扩展。
8. Service：Kubernetes 的一种资源对象，用于定义和暴露应用程序。它提供了应用程序的访问点，以便其他服务可以访问它。
9. ConfigMap：Kubernetes 的一种资源对象，用于存储和管理应用程序的配置信息。它允许应用程序在不同的环境中自动配置自己。
总结起来，Kubernetes 的核心组件及其功能涵盖了容器编排和管理的各个方面，从 API 接口和控制器到节点代理和代理，再到资源对象和应用程序的定义和部署。这些组件和功能共同构成了 Kubernetes 强大的容器编排和管理平台，使得开发人员和运维人员可以专注于应用程序的开发和部署，而不用担心底层基础设施的管理和维护。"
4,解释一下Kubernetes的部署策略有哪些?,,"Kubernetes 是一个强大的容器编排平台，支持多种不同的部署策略，以满足不同的应用程序需求和场景。以下是 Kubernetes 的一些常见部署策略：
1. 批量部署：将应用程序的所有容器一次性部署到 Kubernetes 集群中。这种方法适用于需要同时部署多个容器的应用程序，可以减少部署的时间和复杂度。
2. 滚动部署：逐步将应用程序的容器部署到 Kubernetes 集群中，每次部署一个容器，直到所有容器都部署完成。这种方法适用于需要进行渐进式部署的应用程序，可以减少部署对系统稳定性的影响。
3. 重新部署：将应用程序的所有容器重新部署到 Kubernetes 集群中，覆盖之前的部署。这种方法适用于需要进行全面更新或修复的应用程序，可以快速实现应用程序的更新和升级。
4. 金丝雀部署：将应用程序的一部分容器部署到 Kubernetes 集群中，进行测试和验证，然后再逐步扩大部署范围。这种方法适用于需要进行渐进式部署和测试的应用程序，可以减少部署的风险和影响。
5. 蓝绿部署：将应用程序的新版本和旧版本同时部署到 Kubernetes 集群中，进行对比和验证，然后再逐步切换到新版本。这种方法适用于需要进行渐进式部署和对比测试的应用程序，可以减少部署的风险和影响。
总结起来，Kubernetes 的部署策略非常灵活，可以根据不同的应用程序需求和场景进行选择和调整。开发人员和运维人员可以根据实际情况和需求，选择合适的部署策略，以实现快速、可靠、安全的应用程序部署和管理。"
5,如何在Kubernetes中实现服务发现和负载均衡?,,"在 Kubernetes 中，服务发现和负载均衡可以通过以下方式实现：
1. 服务发现：Kubernetes 中的服务发现是通过 DNS 方式实现的。每个 Pod 都会有一个对应的 DNS 名称，通过该名称可以访问到该 Pod 提供的服务。Kubernetes 还提供了头信息，允许应用程序在请求服务时提供额外的信息，例如版本号、负载等因素。
2. 负载均衡：Kubernetes 中的负载均衡可以通过 Ingress 对象实现。Ingress 是一种 Kubernetes 对象，用于管理入站流量，可以将来自外部网络的请求转发到集群内部的服务上。Ingress 对象中可以配置负载均衡策略，例如轮询、IP 哈希或权重等，以确保请求能够平均分配到不同的服务上。
总结起来，通过服务发现和负载均衡，Kubernetes 可以帮助应用程序在集群内部进行高效的通信和管理，提高应用程序的可靠性和可扩展性。"
6,请描述Kubernetes的Master节点组件,,"
Kubernetes Master 节点是 Kubernetes 集群中的控制中心，负责管理和控制集群中的 Node 节点。以下是 Kubernetes Master 节点上的主要组件：
1. kube-apiserver：kube-apiserver 是 Kubernetes API 的入口点，提供对集群中资源的访问和管理。它接收来自客户端的请求，并将其转发到相应的控制器或 scheduler 上进行处理。
2. kube-controller-manager：kube-controller-manager 是一组控制器，负责管理和控制集群中的资源。它包括以下几个组件：
- Node Controller：负责管理集群中的 Node 节点，确保它们都处于正常状态并具有所需的容量和资源。  
- Service Controller：负责管理和控制集群中的服务，确保它们在整个集群中正确地路由和负载均衡。  
- Replication Controller：负责管理和控制集群中的副本，确保它们在需要的时候被正确地创建、更新和删除。  
- Deployment Controller：负责管理和控制集群中的部署，确保它们在整个集群中正确地路由和负载均衡。
3. kube-scheduler：kube-scheduler 负责调度集群中的容器，以确保它们被正确地分配到可用的 Node 节点上。它通过分析集群中 Node 节点的资源和使用情况，来决定将容器调度到哪个 Node 节点上。
4. kubelet：kubelet 是 Kubernetes Node 节点上的主要组件，负责管理和控制容器。它接收来自 kube-apiserver 的指令，并将它们转化为容器的实际运行。kubelet 还负责监控容器的健康状况，并将它们的状态报告给 kube-apiserver。
这些组件一起工作，共同管理和控制 Kubernetes 集群中的资源和容器。"
7,请描述Kubernetes的Node节点组件。,,"Kubernetes Node 节点是 Kubernetes 集群中负责运行容器的节点。以下是 Kubernetes Node 节点上的主要组件：
1. kubelet：kubelet 是 Kubernetes Node 节点上的主要组件，负责管理和控制容器。它接收来自 kube-apiserver 的指令，并将它们转化为容器的实际运行。kubelet 还负责监控容器的健康状况，并将它们的状态报告给 kube-apiserver。
2. kube-proxy：kube-proxy 是 Kubernetes Node 节点上的一个代理，负责代理容器与外部服务之间的通信。它通过将容器的流量转发到外部服务上，来确保容器能够正确地与外部服务进行通信。
3. container runtime：container runtime 是 Kubernetes Node 节点上的一个运行时，负责实际运行容器。它接收 kubelet 的指令，并将它们转化为容器的实际运行。container runtime 还负责监控容器的健康状况，并将它们的状态报告给 kubelet。
4. Volumes：Volumes 是 Kubernetes Node 节点上的一个存储管理器，负责管理容器的存储。它通过将容器的存储挂载到 Node 节点的文件系统上，来确保容器的存储能够被正确地管理和访问。
这些组件一起工作，共同管理和控制 Kubernetes Node 节点上的容器。"
8,请描述Pod的生命周期。,,"
Pod 是 Kubernetes 集群中的最小可部署对象，它是一组容器的集合。Pod 的生命周期包括以下阶段：
1. 创建（Create）：当使用 kubectl 命令创建一个 Pod 时，Kubernetes API server 将创建一个 Pod 对象，并分配一个唯一的 UID。此时，Pod 的状态为 Pending，表示 Pod 尚未被调度到任何 Node 上。
2. 调度（Schedule）：当 Pod 创建后，Kubernetes 调度器会根据 Pod 的定义和当前集群的状态，选择一个 Node 来运行该 Pod。此时，Pod 的状态变为 Running。
3. 运行（Running）：一旦 Pod 被调度到 Node 上，容器编排器（如 Docker）将启动容器并在 Node 上运行。容器的状态可以通过 kubectl 命令查看。
4. 停止（Stop）：当需要停止 Pod 时，可以使用 kubectl 命令停止 Pod。此时，Pod 的状态变为 Failed，容器将被终止，并从 Node 上移除。
5. 删除（Delete）：当需要删除 Pod 时，可以使用 kubectl 命令删除 Pod。此时，Pod 的状态变为 Deleted，Kubernetes API server 将删除 Pod 对象，并停止监控该 Pod 的状态。
在 Pod 的生命周期中，还有两个重要的概念：PreStop 和 PostStart。PreStop 是一个钩子，在容器被终止前被调用，可以用于执行一些清理工作，如关闭连接、保存数据等。PostStart 是一个钩子，在容器创建成功后被调用，可以用于执行一些初始化工作，如设置环境变量、加载配置文件等。"
9,K8S 中什么是Deployment?有什么特点?,,"
在 Kubernetes 中，Deployment 是一种资源对象，用于管理 Pod 的部署和滚动升级。它提供了一种声明式的定义方法，使得用户无需手动创建 Pod 对象，而是通过创建 Deployment 对象来定义应用的部署方式和升级策略。Deployment 对象由 Deployment Controller 管理，该控制器会通过 Replicaset 对象间接管理 Pod 对象。因此，Deployment 比 Replicaset 功能更强大，支持 Replicaset 的所有功能，并支持发布的停止、继续和支持版本升级等功能。使用 Deployment 可以更方便地管理 Pod 部署和升级，并提供更高的可靠性和可扩展性。"
10,K8S中什么是Service?常见的Service类型有哪些?,,"在 Kubernetes 中，Service 是一种资源对象，用于将 Pod 暴露到服务网络上，以便其他组件可以访问它们。Service 对象由 Service Controller 管理，该控制器会创建和维护 Service 代理，将请求转发到 Pod 上。Service 代理通常是运行在 Node 上的 Kubernetes Proxy，它们将请求转发到 Pod 上，并提供负载均衡、故障转移和高可用性等功能。
常见的 Service 类型有以下四种：
1.  ClusterIP（集群 IP）：ClusterIP 是默认的 Service 类型，它将 Service 暴露在集群内部，只能在集群内访问。Kubernetes 会为 ClusterIP 服务分配一个集群内部 IP 地址。
2.  NodePort（节点端口）：NodePort 服务是 ClusterIP 服务的扩展，它通过在 ClusterIP 服务之上添加一个节点端口，将 Service 暴露到集群外部。NodePort 服务在静态端口（NodePort）上公开每个节点 IP 上的服务。
3.  LoadBalancer（负载均衡器）：LoadBalancer 服务将 Service 暴露到外部负载均衡器上，以便外部组件可以访问它们。Kubernetes 会自动创建一个外部负载均衡器，并将 Service 代理转发到该负载均衡器上。
4.  ExternalName（外部名称）：ExternalName 服务将 Service 暴露为其外部名称，而不是 IP 地址或端口。这种类型的 Service 主要用于将 Service 暴露到集群外部，以便外部组件可以访问它们。
除了上述四种常见的 Service 类型外，还有一些其他类型的 Service，如：
1.  Headless Service：Headless Service 是一种特殊的 Service 类型，它不与任何 Pod 相关联，而是仅用于将请求转发到其他 Service 或 Endpoint 上。
2.  Custom Service：Custom Service 是一种自定义 Service 类型，它允许用户创建自定义的 Service 代理，以实现特定的网络功能。
总结起来，Service 是 Kubernetes 中非常重要的概念，它可以将 Pod 暴露到服务网络上，以便其他组件可以访问它们。了解不同类型的 Service 和其特点，可以帮助用户更好地管理 Kubernetes 集群。"
11,怎么访问Kubernetes集群中的应用?,不准确,"访问 Kubernetes 集群中的应用有几种方法：
1. 使用 kubectl 命令行工具：可以使用 kubectl 命令行工具查询集群中运行的应用，并获取其 IP 地址或端口号。例如，可以使用以下命令查询部署的应用：
```  
kubectl get pods  
```
此命令将列出所有运行中的 Pod，包括其 IP 地址和端口号。可以使用这些信息来访问应用。
2. 使用 Kubernetes Dashboard：Kubernetes Dashboard 是一个基于 Web 的界面，用于管理和监控 Kubernetes 集群。可以使用 Dashboard 查看集群中运行的应用，并获取其 IP 地址或端口号。
3. 使用 NodePort 服务：如果应用部署在 NodePort 服务上，可以使用该服务的节点端口号访问应用。NodePort 服务将应用暴露到集群外部，因此可以从外部访问应用。
4. 使用 LoadBalancer 服务：如果应用部署在 LoadBalancer 服务上，可以使用该服务的负载均衡器 IP 地址访问应用。LoadBalancer 服务将应用暴露到外部负载均衡器上，因此可以从外部访问应用。
无论使用哪种方法，都需要首先登录到 Kubernetes 集群的控制平面，并拥有相应的权限来访问应用。"
12,怎么实现Kubernetes的负载均衡?,,"Kubernetes 提供了多种方式来实现负载均衡，以下是其中一些常见的方法：
1. 使用 Kubernetes Service：Kubernetes Service 是一种抽象，用于表示应用程序的入口点。Service 提供了一个稳定的 IP 地址和端口号，可以用于访问应用程序。Kubernetes 提供了两种类型的 Service：ClusterIP 和 NodePort。ClusterIP Service 将应用程序暴露到集群内部，而 NodePort Service 将应用程序暴露到集群外部。可以使用 NodePort Service 来实现负载均衡。
2. 使用 Kubernetes Ingress：Kubernetes Ingress 是一种基于 HTTP 的负载均衡器，用于将传入的请求路由到多个后端 Pod 上。Ingress 提供了一个稳定的 IP 地址和端口号，可以用于访问应用程序。Kubernetes 提供了两种类型的 Ingress：Classic 和 OpenShift。Classic Ingress 适用于基于 TCP 或 UDP 协议的应用程序，而 OpenShift Ingress 适用于基于 HTTP 或 HTTPS 协议的应用程序。
3. 使用第三方负载均衡器：除了 Kubernetes 自带的 Service 和 Ingress 之外，还可以使用第三方负载均衡器来实现负载均衡。例如，可以使用 NGINX、HAProxy 或 LoadBalancer 等第三方负载均衡器来实现负载均衡。
无论使用哪种方法，都需要定义一个负载均衡器，并将应用程序的流量路由到该负载均衡器上。然后，负载均衡器将流量分发到多个后端 Pod 上，以实现负载均衡。"
13,怎么实现Kubernetes的滚动更新?,,"
Kubernetes 提供了滚动更新 (rolling-update) 的方式来实现对集群中服务的升级，避免因传统升级方式导致的服务中断。滚动更新是一种不中断服务的更新升级方式，对于多实例服务，采用对各个实例逐个进行单独更新而非同一时刻对所有实例进行全部更新的方式。
在 Kubernetes 中，一个 service 通过 label selector 匹配出一个 pods 集合，这些 Pods 作为 service 的 endpoint，是真正承载业务的实体。而 pod 在集群内的部署、调度、副本数则是通过 Deployment 或者 RC 这些更高级别的抽象来管理的。因此，Kubernetes service 的 rolling update 实质上是对 Service 所 match 出来的 Pod 集合的 Rolling update。
要实现 Kubernetes 的滚动更新，需要使用 Deployment 或 StatefulSet 等控制器来管理 Pod 的部署和更新。这些控制器会负责创建、更新和删除 Pod，并在更新时进行必要的滚动操作，以确保服务不会中断。同时，还需要使用 kubectl set image 命令来更新容器镜像，以实现服务的升级。
在滚动更新过程中，Kubernetes 会自动管理 Pod 的升级和回滚，确保服务始终可用。如果更新失败，Kubernetes 会自动回滚到先前的版本，以避免服务中断。此外，还可以使用 Kubernetes 的滚动更新控制器 (Rolling Update Controller) 来实现自动化的滚动更新，该控制器可以自动检测服务的更新，并自动执行滚动更新操作。"
14,怎么实现Kubernetes的回滚操作?,,"在 Kubernetes 中，回滚操作可以通过以下步骤实现：
1. 使用 kubectl 命令删除更新的 Pod 镜像。可以使用以下命令来删除镜像：
```  
kubectl delete image <image-name>  
```
2. 手动删除更新的 Pod。可以使用以下命令来删除 Pod：
```  
kubectl delete pod <pod-name>  
```
3. 重建旧的 Pod 镜像。可以使用以下命令来重建旧的 Pod 镜像：
```  
kubectl create image <image-name> --from-manifest=<manifest-url>  
```
其中，`<image-name>` 是要重建的 Pod 镜像的名称，`<manifest-url>` 是 Pod 镜像的 manifest 文件的 URL。
4. 重建旧的 Pod。可以使用以下命令来重建旧的 Pod：
```  
kubectl apply -f <manifest-file>  
```
其中，`<manifest-file>` 是旧的 Pod 镜像的 manifest 文件。
如果需要回滚多个 Pod，可以使用以下命令来回滚整个 Deployment 或 StatefulSet：
```  
kubectl rollout undo deployment/<deployment-name>  
```
或者
```  
kubectl rollout undo statefulset/<statefulset-name>  
```
这些命令将回滚整个 Deployment 或 StatefulSet，并删除所有更新的 Pod。
在回滚操作期间，Kubernetes 会自动管理 Pod 的升级和回滚，以确保服务始终可用。如果回滚失败，Kubernetes 会自动回滚到先前的版本，以避免服务中断。"
15,怎么配置Kubernetes的资源请求和限制?,,"
Kubernetes 提供了多种方式来配置资源的请求和限制。其中，可以通过以下方式来配置资源的请求和限制：
1. 使用 ResourceQuota 对象：ResourceQuota 对象可以用来限制命名空间中的资源请求和限制。通过配置 ResourceQuota 对象中的 request 和 limit 字段，可以限制部署在命名空间中的 Pod 的资源请求和限制。
2. 使用 ResourceRequests 和 ResourceLimits 字段：在 Pod 定义中，可以通过设置 ResourceRequests 和 ResourceLimits 字段来请求和限制 Pod 的资源。其中，ResourceRequests 字段用于请求所需的资源，而 ResourceLimits 字段用于限制 Pod 可以使用的资源。
3. 使用 ContainerResourceQuota 对象：ContainerResourceQuota 对象可以用来限制容器的资源请求和限制。通过配置 ContainerResourceQuota 对象中的 request 和 limit 字段，可以限制容器的资源请求和限制。
4. 使用 Taints 和 Tolerations：Taints 和 Tolerations 可以用来限制 Node 上可以部署的 Pod 的资源。通过将 Taints 添加到 Node 上，可以指示 Kubernetes 不要将某些资源请求高的 Pod 部署到该 Node 上。而通过将 Tolerations 添加到 Pod 定义中，可以指示 Pod 可以容忍的资源限制。
以上是一些可以用来配置 Kubernetes 资源请求和限制的方法。具体使用哪种方法，需要根据具体的场景和需求进行选择。"
16, 怎么配置Kubernetes的健康检查?,,"
Kubernetes 健康检查是通过 Liveness 和 Readiness 探针来实现的。Liveness 探针用于检测容器是否活着，即容器是否正在运行并且可以被访问。Readiness 探针用于检测容器是否准备好了，即容器是否已经完成了初始化并且可以接受请求。
要配置 Kubernetes 健康检查，可以按照以下步骤进行操作：
1. 创建一个 Probe 对象：Probe 对象用于定义 Liveness 和 Readiness 探针。可以使用 kubectl create probe 命令来创建一个 Probe 对象。例如：
```  
kubectl create probe --namespace default --name my-probe --container my-container --protocol http --port 80  
```
此命令将创建一个名为 my-probe 的 Probe 对象，该对象将监控命名空间 default 中的 my-container 容器，并使用 HTTP 协议和端口 80 进行健康检查。
2. 配置 Liveness 和 Readiness 探针：在 Probe 对象中，可以使用 Liveness 和 Readiness 字段来配置探针。其中，Liveness 探针用于检测容器是否活着，而 Readiness 探针用于检测容器是否准备好了。可以使用 kubectl patch 命令来配置探针。例如：
```  
kubectl patch probe my-probe -p '{""liveness"": {""timeout"": 10}, ""readiness"": {""timeout"": 5}}'  
```
此命令将配置 my-probe Probe 对象的 Liveness 和 Readiness 探针，其中 Liveness 探针的超时时间为 10 秒，Readiness 探针的超时时间为 5 秒。
3. 部署 Deployment 或 StatefulSet 对象：在创建 Probe 对象之后，需要部署 Deployment 或 StatefulSet 对象来定义要部署的容器。可以使用 kubectl create 命令来部署 Deployment 或 StatefulSet 对象。例如：
```  
kubectl create deployment my-deployment --image my-image --namespace default  
```
此命令将创建一个名为 my-deployment 的 Deployment 对象，该对象将部署默认命名空间中的 my-image 容器。
4. 检查健康检查状态：可以使用 kubectl get pods 命令来检查容器的健康检查状态。例如：
```  
kubectl get pods --namespace default  
```
此命令将列出默认命名空间中的所有 Pod，包括它们的健康检查状态。
通过以上步骤，就可以配置 Kubernetes 健康检查。"
17,怎么配置Kubernetes的就绪检查?,,"Kubernetes 就绪检查是通过 Readiness 探针来实现的。Readiness 探针用于检测容器是否准备好了，即容器是否已经完成了初始化并且可以接受请求。
要配置 Kubernetes 就绪检查，可以按照以下步骤进行操作：
1. 创建一个 Probe 对象：Probe 对象用于定义 Liveness 和 Readiness 探针。可以使用 kubectl create probe 命令来创建一个 Probe 对象。例如：
```    
kubectl create probe --namespace default --name my-probe --container my-container --protocol http --port 80    
```
此命令将创建一个名为 my-probe 的 Probe 对象，该对象将监控命名空间 default 中的 my-container 容器，并使用 HTTP 协议和端口 80 进行健康检查。
2. 配置 Readiness 探针：在 Probe 对象中，可以使用 Readiness 字段来配置探针。可以使用 kubectl patch 命令来配置探针。例如：
```    
kubectl patch probe my-probe -p '{""readiness"": {""timeout"": 5}}'    
```
此命令将配置 my-probe Probe 对象的 Readiness 探针，其中 Readiness 探针的超时时间为 5 秒。
3. 部署 Deployment 或 StatefulSet 对象：在创建 Probe 对象之后，需要部署 Deployment 或 StatefulSet 对象来定义要部署的容器。可以使用 kubectl create 命令来部署 Deployment 或 StatefulSet 对象。例如：
```    
kubectl create deployment my-deployment --image my-image --namespace default    
```
此命令将创建一个名为 my-deployment 的 Deployment 对象，该对象将部署默认命名空间中的 my-image 容器。
4. 检查就绪检查状态：可以使用 kubectl get pods 命令来检查容器的就绪检查状态。例如：
```    
kubectl get pods --namespace default    
```
此命令将列出默认命名空间中的所有 Pod，包括它们的就绪检查状态。
通过以上步骤，就可以配置 Kubernetes 就绪检查。"
18,怎么配置Kubernetes的主机亲和性?,,"Kubernetes 主机亲和性（Affinity）是一种调度策略，用于控制 Pod 在哪些节点上运行。通过设置亲和性，可以确保 Pod 在特定的节点上运行，或者避免 Pod 在某些节点上运行。
要配置 Kubernetes 主机亲和性，可以按照以下步骤进行操作：
1. 创建一个 PodAffinity 对象：使用 kubectl create podaffinity 命令创建一个 PodAffinity 对象。例如：
```  
kubectl create podaffinity --namespace default --name my-pod-affinity  
```
此命令将创建一个名为 my-pod-affinity 的 PodAffinity 对象。
2. 配置 PodAffinity 对象：使用 kubectl patch 命令配置 PodAffinity 对象。例如：
```  
kubectl patch podaffinity my-pod-affinity -p '{""requiredDuringSchedulingIgnoredDuringExecution"": [{""nodeSelector"": {""matchExpressions"": [{""key"": ""kubernetes.io/hostname"", ""operator"": ""In"", ""values"": [""node1"", ""node2""]}]}}]}'  
```
此命令将配置 my-pod-affinity PodAffinity 对象，要求 Pod 在节点 node1 或 node2 上运行。如果 Pod 在其他节点上运行，则会被忽视。
3. 部署 Deployment 或 StatefulSet 对象：在创建 PodAffinity 对象之后，需要部署 Deployment 或 StatefulSet 对象来定义要部署的容器。可以使用 kubectl create 命令来部署 Deployment 或 StatefulSet 对象。例如：
```  
kubectl create deployment my-deployment --image my-image --namespace default  
```
此命令将创建一个名为 my-deployment 的 Deployment 对象，该对象将部署默认命名空间中的 my-image 容器。
4. 检查主机亲和性：可以使用 kubectl get podaffinity 命令来检查 PodAffinity 对象的配置。例如：
```  
kubectl get podaffinity my-pod-affinity -o yaml  
```
此命令将显示 my-pod-affinity PodAffinity 对象的 YAML 配置，包括要求的节点选择器。
通过以上步骤，就可以配置 Kubernetes 主机亲和性。这样可以确保 Pod 在特定的节点上运行，或者避免 Pod 在某些节点上运行。"
19,怎么配置Kubernetes的污点和容忍?,,"Kubernetes 的污点和容忍是用于控制 Pod 调度的策略。污点会标识那些有特殊要求的节点，容忍则指定了哪些节点可以接受具有特定要求的 Pod。通过使用污点和容忍，可以实现更细粒度的调度控制。
要配置 Kubernetes 的污点和容忍，可以按照以下步骤进行操作：
1. 创建一个 Taints 对象：使用 kubectl create taint 命令创建一个 Taints 对象。例如：
```    
kubectl create taint --namespace default --name my-taint -p '{""key"": ""example.com/my-taint"", ""value"": ""true""}'    
```
此命令将创建一个名为 my-taint 的 Taints 对象，其中 key 为 example.com/my-taint，value 为 true。
2. 配置容忍：使用 kubectl patch 命令配置容忍。例如：
```    
kubectl patch node my-node -p '{""tolerations"": [{""operator"": ""Exists"", ""effect"": ""NoSchedule"", ""key"": ""example.com/my-taint"", ""value"": ""true""}]}'    
```
此命令将配置名为 my-node 的节点的容忍，要求具有 example.com/my-taint 键值对的 Taints 存在的 Pod 才能在该节点上运行。
3. 部署 Pod：使用 kubectl create 命令部署 Pod。例如：
```    
kubectl create pod --image my-image --namespace default    
```
此命令将创建一个默认命名空间中的 my-image 容器的 Pod。
4. 检查污点和容忍：可以使用 kubectl get taint 和 kubectl get node 命令来检查污点和容忍的配置。例如：
```    
kubectl get taint -o yaml    
kubectl get node my-node -o yaml    
```
此命令将显示所有 Taints 对象的 YAML 配置，以及名为 my-node 的节点的 YAML 配置，包括容忍的设置。
通过以上步骤，就可以配置 Kubernetes 的污点和容忍。这样可以实现更细粒度的调度控制，以满足不同的部署需求。"
20,怎么给Kubernetes集群添加存储?,,"要给 Kubernetes 集群添加存储，可以使用 Kubernetes 的存储管理工具，例如 PersistentVolumeClaims（PVCs）和 StorageClasses。这些工具允许您在 Kubernetes 集群中创建、管理和配置存储资源。
以下是添加存储到 Kubernetes 集群的一般步骤：
1. 创建一个 StorageClass 对象。StorageClass 是 Kubernetes 存储管理的核心概念，它定义了存储资源的属性和特征，例如存储类型、容量、可用性等。您可以使用以下命令创建一个 StorageClass 对象：
```  
kubectl create storageclass my-storageclass --provisioner=kubernetes.io/aws-ebs  
```
此命令将创建一个名为 my-storageclass 的 StorageClass 对象，它使用 AWS EBS 作为存储提供程序。
2. 创建一个 PersistentVolumeClaim（PVC）对象。PVC 是一种存储请求，它定义了应用程序所需的存储容量和属性。您可以使用以下命令创建一个 PVC 对象：
```  
kubectl create pvc my-pvc --storageclass=my-storageclass --request-storage=1Gi --name=my-pvc  
```
此命令将创建一个名为 my-pvc 的 PVC 对象，它要求 1Gi 的存储容量，并使用名为 my-storageclass 的 StorageClass 对象。
3. 创建一个 Deployment 或 StatefulSet 对象。Deployment 或 StatefulSet 是 Kubernetes 中的应用程序部署对象，它们定义了应用程序的容器和存储要求。您可以使用以下命令创建一个 Deployment 或 StatefulSet 对象：
```  
kubectl create deployment my-deployment --image=my-image --pvc-name=my-pvc  
```
此命令将创建一个名为 my-deployment 的 Deployment 对象，它使用 my-image 容器镜像，并要求使用名为 my-pvc 的 PVC 对象的存储资源。
4. 等待 PVC 对象被绑定到 PersistentVolume（PV）对象。在创建 PVC 对象后，Kubernetes 将为该对象分配一个 PersistentVolume（PV）对象。PV 对象表示一个物理存储设备，它将存储数据持久化到磁盘上。您可以使用以下命令查看 PVC 对象的绑定情况：
```  
kubectl get pvc my-pvc -o yaml  
```
此命令将显示名为 my-pvc 的 PVC 对象的 YAML 配置，包括它所绑定的 PV 对象的信息。
通过以上步骤，您就可以向 Kubernetes 集群添加存储。您可以根据应用程序的实际需求调整存储容量、存储类型等属性，以满足不同的部署需求。"
21,怎么监控Kubernetes集群的状态?,,"
要监控 Kubernetes 集群的状态，您可以使用 Kubernetes 提供的命令行工具 kubectl 和 kube-proxy，以及第三方监控工具如 Prometheus、Grafana 和 Jaeger 等。以下是一些监控 Kubernetes 集群状态的方法：
1. 使用 kubectl 命令行工具：
您可以使用 kubectl 命令行工具来检查 Kubernetes 集群的资源状态，例如 pod、service、ingress 等。例如，以下命令可以列出所有运行中的 pod：
```  
kubectl get pods  
```
以下命令可以列出所有服务：
```  
kubectl get services  
```
以下命令可以列出所有 ingress：
```  
kubectl get ingress  
```
2. 使用 kube-proxy 命令行工具：
kube-proxy 是 Kubernetes 集群中的代理服务器，它可以拦截流量并提供代理服务。您可以使用 kube-proxy 命令行工具来检查代理服务的状态，例如：
```  
kube-proxy status  
```
此命令将显示代理服务的状态、连接情况和代理端的信息。
3. 使用第三方监控工具：
除了 Kubernetes 提供的命令行工具外，您还可以使用第三方监控工具来监控 Kubernetes 集群的状态。例如，Prometheus 是一种流行的监控工具，它可以收集和存储 Kubernetes 集群的指标数据，并提供查询和可视化功能。Grafana 是一种可视化平台，它可以与 Prometheus 集成，让您可以更轻松地查看 Kubernetes 集群的状态。Jaeger 是一种分布式追踪工具，它可以帮助您查找和诊断 Kubernetes 集群中的问题。
总结起来，监控 Kubernetes 集群的状态需要综合使用多种工具和技术，以便更全面地了解集群的健康状况和运行情况。"