编号,prompt,答案评分,MiniMax(abab5.5-chat),答案评分,ChatGLM,答案评分,Azure OpenAI(GPT-3.5-16k),答案评分,通义千问,答案评分,SenseChat,答案评分,讯飞星火,答案评分,讯飞星火 API,
1,请简要解释一下什么是云原生?,,"云原生（Cloud Native）是一种构建和运行应用程序的方法，这些应用程序从一开始就设计为在云环境中运行，从而充分利用云计算的优势。云原生架构和应用程序遵循一些关键原则，包括：

1. 微服务架构：将应用程序分解为一组小型、自治的服务，以提高灵活性、可伸缩性和容错能力。
2. 容器化：通过轻量级的、可移植的容器（如Docker）来部署应用程序和服务，以实现一致的运行环境和更高的资源利用率。
3. 自动化与编排：使用自动化和编排工具（如Kubernetes）来部署、扩展和管理应用程序和服务，以提高效率和可靠性。
4. 微服务之间的松耦合：通过轻量级协议（如RESTful API或gRPC）实现微服务之间的通信，降低耦合度。
5. 弹性与可伸缩性：根据需求自动调整应用程序和服务的规模，以满足性能和可用性要求。
6. 开发与运维协同：通过敏捷方法和DevOps实践，实现开发、测试和运维团队之间的紧密合作。
7. 数据驱动决策：利用监控和日志数据来优化应用程序性能和可用性，实现更快的迭代和反馈。

云原生应用程序通常在公共云、私有云和混合云环境中运行，以实现更高的灵活性、可伸缩性和成本效益。",,"
云原生（Cloud Native）是一种构建和运行应用程序的方法，该方法充分利用了云计算的优势。云原生应用程序是基于微服务、容器和自动化技术构建的，可以快速、高效地部署、扩展和管理。云原生应用程序可以运行在多个云提供商和混合云环境中，并具有高可用性、可伸缩性和弹性。云原生方法还提供了一种通用的、标准化的方式来构建、部署和管理应用程序，从而提高了开发人员的生产力和效率。云原生是一种新兴的应用程序构建和管理方法，已经成为云计算领域的重要趋势。",,,,,,,,,,,
2,Kubernetes和Docker的关系是什么?,,"Kubernetes和Docker是两个在云原生环境中常用的工具，它们分别用于不同的目的，但它们之间存在密切的关系。

Docker是一个开源容器化平台，用于创建、部署和运行应用程序容器。Docker使用操作系统级别的虚拟化技术，将应用程序及其依赖项打包在一个轻量级的、可移植的容器中。这使得开发人员可以在一个一致的环境中构建、测试和部署应用程序，而不受底层操作系统和硬件的差异影响。

Kubernetes是一个开源容器编排平台，用于管理、自动化和扩展容器化应用程序。Kubernetes提供了一个分布式、可扩展的系统，用于部署、更新和监控容器化应用程序和服务。它可以自动处理容器的调度、扩展、故障转移和负载均衡，从而确保应用程序和服务的高可用性和性能。

Kubernetes使用Docker作为默认的容器运行时，这意味着Kubernetes使用Docker来创建和管理容器。在Kubernetes中，开发人员将容器镜像（由Docker创建和管理）部署到集群中，然后Kubernetes负责管理和编排这些容器。

总之，Docker和Kubernetes是紧密相关的工具，它们通常一起使用，以实现云原生环境中的容器化应用程序的管理、部署和扩展。Docker负责创建和管理容器，而Kubernetes负责管理和编排这些容器。",,"
Kubernetes 和 Docker 是两个在容器化应用程序部署和管理方面密切相关的工具。Docker 是一种开源的容器化平台，它允许开发者将应用程序和其依赖项打包成轻量级的容器，从而提供独立、可移植和可扩展的运行环境。而 Kubernetes 是一个开源的容器集群管理系统，可以实现容器集群的自动化部署、自动扩缩容、维护等功能。因此，Kubernetes 和 Docker 可以被视为一种互补关系，Kubernetes 可以帮助开发者管理和部署 Docker 容器，而 Docker 则提供了一种轻量级的方式来打包和部署应用程序。",,,,,,,,,,,
3,请描述Kubernetes的主要组件及其作用?,,"Kubernetes（也称为k8s）是一个开源的容器编排平台，用于管理和自动化容器化应用程序和服务。Kubernetes的核心组件包括：

1. Master节点（主节点）：
   - Kubernetes API server（Kubernetes API服务器）：负责处理来自kubectl命令行工具或Kubernetes REST API的请求。它验证请求并将它们发送到相应的组件。
   - etcd：一个分布式键值存储，用于存储Kubernetes集群的配置数据。
   - Scheduler（调度器）：负责将未调度的Pod分配到合适的Node节点上，以满足资源需求和约束条件。
   - Controller Manager（控制器管理器）：负责运行各种控制器，例如副本控制器（负责确保期望的副本数）、端点控制器（负责填充和更新服务对象上的端点）等。

2. Worker节点（工作节点）：
   - Kubelet：负责管理节点上运行的容器和Pod的生命周期，包括创建、启动、停止、重启等。它还负责与Master节点通信，报告节点的状态和健康状况。
   - Kube-proxy：一个网络代理，负责维护Node节点上的网络规则和负载均衡，以实现Service对象之间的通信。
   - Container runtime（容器运行时）：负责运行容器，如Docker或containerd。

Kubernetes中的其他关键概念：

1. Pod：Kubernetes中的最小部署单元，包含一个或多个紧密相关的容器。同一Pod中的容器共享相同的网络命名空间和存储卷。
2. Service：Kubernetes中的抽象层，用于表示一组Pods的逻辑集合。Service提供了访问这些Pods的方式，实现负载均衡和网络通信。
3. Deployment：用于管理Pod的副本和更新策略，例如滚动更新和回滚。
4. ReplicaSet：确保特定数量的Pod副本在集群中运行。
5. StatefulSet：用于管理有状态应用程序的Pod，确保Pod的稳定标识和顺序部署。
6. ConfigMap和Secret：分别用于存储和管理非敏感配置数据和敏感数据，如密码和密钥。
7. Namespace：用于在Kubernetes集群中隔离资源和对象，实现多租户或团队之间的资源划分。

通过这些组件和概念，Kubernetes提供了一种可靠、可扩展的方式来管理和部署容器化应用程序和服务。",,"
Kubernetes 是一个开源的容器编排和管理工具，用于自动化、部署、扩展和操作容器化应用程序。以下是 Kubernetes 的一些核心组件及其功能：
1. kube-apiserver：提供 Kubernetes API 的接口，用于管理和控制整个集群。它是 Kubernetes 控制中心的核心组件，所有的操作都通过它进行。
2. kube-controller-manager：用于运行各种控制器，例如节点控制器、副本控制器和服务控制器，以确保系统状态符合期望。
3. etcd：Kubernetes 的配置存储库，用于存储集群的配置信息，如应用程序的定义、网络设置、安全性设置等。
4. kubelet：是 Kubernetes 的节点代理，用于管理容器化的应用程序。它与 kube-apiserver 通信，确保容器在节点上正确运行和停止。
5. kube-proxy：Kubernetes 的代理，用于实现服务之间的负载均衡和故障转移。它可以将应用程序的流量路由到不同的容器或集群中。
6. DaemonSet：Kubernetes 的一种资源对象，用于管理集群中的后台进程。它确保这些进程在所有节点上正确运行，以便支持其他 Kubernetes 组件。
7. Deployment：Kubernetes 的一种资源对象，用于定义和部署应用程序。它确保应用程序在集群中正确地运行和扩展。
8. Service：Kubernetes 的一种资源对象，用于定义和暴露应用程序。它提供了应用程序的访问点，以便其他服务可以访问它。
9. ConfigMap：Kubernetes 的一种资源对象，用于存储和管理应用程序的配置信息。它允许应用程序在不同的环境中自动配置自己。
总结起来，Kubernetes 的核心组件及其功能涵盖了容器编排和管理的各个方面，从 API 接口和控制器到节点代理和代理，再到资源对象和应用程序的定义和部署。这些组件和功能共同构成了 Kubernetes 强大的容器编排和管理平台，使得开发人员和运维人员可以专注于应用程序的开发和部署，而不用担心底层基础设施的管理和维护。",,,,,,,,,,,
4,解释一下Kubernetes的部署策略有哪些?,,"在Kubernetes中，部署策略用于控制如何将应用程序的Pod实例部署到集群中。根据应用程序的需求和可用资源，可以选择不同的部署策略。以下是Kubernetes中常见的部署策略：

1. Recreate（重建）：
   在进行部署更新时，先删除旧版本的所有Pod实例，然后创建新版本的Pod实例。这种方法可以确保新版本和旧版本完全分离，但会导致在部署过程中存在短暂的服务中断。

2. RollingUpdate（滚动更新）：
   这是默认的部署更新策略，可以逐步更新Pod实例，同时确保服务的可用性。在执行滚动更新时，Kubernetes会逐步替换旧版本的Pod实例，确保新版本的Pod实例在旧版本的Pod实例完全停止之前启动。滚动更新可以在MaxSurge（最大超额）和MaxUnavailable（最大不可用）参数中设置更新速率。

3. Canary（金丝雀发布）：
   这种部署策略允许逐步将一部分流量从旧版本的应用程序切换到新版本的应用程序。这可以通过定义具有不同标签的两个版本的Pod来实现，并在部署过程中调整服务选择器以将流量逐渐导向新版本的应用程序。金丝雀发布有助于降低新版本引入的风险，并确保更好的稳定性。

4. Blue-Green（蓝绿部署）：
   在这种部署策略中，维护两个版本的应用程序，一个称为“蓝色”环境，另一个称为“绿色”环境。在部署更新时，首先将流量切换到绿色环境，然后部署新版本的应用程序。一旦新版本在绿色环境中运行稳定，可以将流量切换回绿色环境，然后销毁蓝色环境的应用程序。蓝绿部署可以确保新旧版本之间的完全分离，并在切换过程中提供高可用性。

5. A/B Testing（A/B测试）：
   A/B测试是一种评估不同版本应用程序性能的方法。在这种策略中，将流量随机分配到两个版本的应用程序，并收集和分析性能指标，以确定哪个版本更优。在Kubernetes中，可以通过为两个版本的应用程序分配不同的标签，并在服务中使用这些标签来实现A/B测试。

在选择部署策略时，需要根据应用程序的需求和可用资源进行权衡。不同的策略适用于不同的场景，例如滚动更新适用于大多数应用程序，而金丝雀发布和蓝绿部署更适合需要高可用性和低风险的场景。",,"Kubernetes 是一个强大的容器编排平台，支持多种不同的部署策略，以满足不同的应用程序需求和场景。以下是 Kubernetes 的一些常见部署策略：
1. 批量部署：将应用程序的所有容器一次性部署到 Kubernetes 集群中。这种方法适用于需要同时部署多个容器的应用程序，可以减少部署的时间和复杂度。
2. 滚动部署：逐步将应用程序的容器部署到 Kubernetes 集群中，每次部署一个容器，直到所有容器都部署完成。这种方法适用于需要进行渐进式部署的应用程序，可以减少部署对系统稳定性的影响。
3. 重新部署：将应用程序的所有容器重新部署到 Kubernetes 集群中，覆盖之前的部署。这种方法适用于需要进行全面更新或修复的应用程序，可以快速实现应用程序的更新和升级。
4. 金丝雀部署：将应用程序的一部分容器部署到 Kubernetes 集群中，进行测试和验证，然后再逐步扩大部署范围。这种方法适用于需要进行渐进式部署和测试的应用程序，可以减少部署的风险和影响。
5. 蓝绿部署：将应用程序的新版本和旧版本同时部署到 Kubernetes 集群中，进行对比和验证，然后再逐步切换到新版本。这种方法适用于需要进行渐进式部署和对比测试的应用程序，可以减少部署的风险和影响。
总结起来，Kubernetes 的部署策略非常灵活，可以根据不同的应用程序需求和场景进行选择和调整。开发人员和运维人员可以根据实际情况和需求，选择合适的部署策略，以实现快速、可靠、安全的应用程序部署和管理。",,,,,,,,,,,
5,如何在Kubernetes中实现服务发现和负载均衡?,,"在Kubernetes中，服务发现和负载均衡是关键功能，它们允许应用程序和服务在集群内部和外部互相通信。Kubernetes使用以下两种核心资源来实现服务发现和负载均衡：

1. Service（服务）：
   Service是Kubernetes中的一种抽象层，用于表示一组Pods的逻辑集合。Service提供了访问这些Pods的方式，实现负载均衡和网络通信。Service通过以下两种方式来实现负载均衡：

   a. ClusterIP：
     默认的负载均衡方式，为Service分配一个内部IP地址，集群内部的其他服务可以通过该地址访问该Service。ClusterIP主要适用于集群内部的服务通信。

   b. NodePort：
     允许从集群外部访问Service。NodePort为Service分配一个静态端口，集群中的每个节点都暴露这个端口。访问者可以通过任意节点的IP地址和端口号访问该Service。NodePort主要用于对外提供服务的入口点。

2. DNS（域名系统）：
   Kubernetes提供了内置的DNS服务，用于为Service分配DNS名称。当创建一个Service时，Kubernetes会自动为其分配一个DNS名称，格式为`<ServiceName>.<Namespace>.svc.cluster.local`。应用程序可以使用这个DNS名称作为地址来访问Service。

使用服务发现和负载均衡的示例：

1. 创建一个Deployment和一个相应的Service，将Deployment的Pod与Service关联起来。
2. 为Service分配一个正确的标签选择器，以选择关联的Pod。
3. 确保应用程序使用Service的DNS名称作为地址进行通信，而不是使用具体的Pod IP地址。

通过这种方式，应用程序可以轻松地访问Service所代表的一组Pod，而无需知道具体的Pod IP地址。Kubernetes会自动处理负载均衡和服务发现，确保请求被分发到正确的Pod。",,"在 Kubernetes 中，服务发现和负载均衡可以通过以下方式实现：
1. 服务发现：Kubernetes 中的服务发现是通过 DNS 方式实现的。每个 Pod 都会有一个对应的 DNS 名称，通过该名称可以访问到该 Pod 提供的服务。Kubernetes 还提供了头信息，允许应用程序在请求服务时提供额外的信息，例如版本号、负载等因素。
2. 负载均衡：Kubernetes 中的负载均衡可以通过 Ingress 对象实现。Ingress 是一种 Kubernetes 对象，用于管理入站流量，可以将来自外部网络的请求转发到集群内部的服务上。Ingress 对象中可以配置负载均衡策略，例如轮询、IP 哈希或权重等，以确保请求能够平均分配到不同的服务上。
总结起来，通过服务发现和负载均衡，Kubernetes 可以帮助应用程序在集群内部进行高效的通信和管理，提高应用程序的可靠性和可扩展性。",,,,,,,,,,,
6,请描述Kubernetes的Master节点组件,,"Kubernetes的Master节点（主节点）负责控制和管理整个集群的状态，包括API服务器、调度器、控制器管理器和etcd。这些组件协同工作，确保集群中的资源分配、应用程序部署和管理。以下是Master节点的主要组件：

1. Kubernetes API server（Kubernetes API服务器）：
   Kubernetes API服务器是集群的主要管理接口，负责处理来自kubectl命令行工具或Kubernetes REST API的请求。它验证请求并将它们发送到相应的组件。API服务器还负责存储集群状态的备份，以便在系统故障时恢复。

2. etcd：
   etcd是一个分布式键值存储，用于存储Kubernetes集群的配置数据。它具有高可用性和一致性，确保集群状态在整个集群中的正确性和一致性。

3. Scheduler（调度器）：
   调度器负责将未调度的Pod分配到合适的Node节点上，以满足资源需求和约束条件。它通过考虑每个节点的可用资源、Pod的资源需求和Pod之间的反亲和性/亲和性要求来做出调度决策。

4. Controller Manager（控制器管理器）：
   控制器管理器负责运行各种控制器，例如副本控制器（负责确保期望的副本数）、端点控制器（负责填充和更新服务对象上的端点）、服务帐户和令牌控制器（负责为ServiceAccount创建默认帐户和API访问令牌）等。控制器通过不断监测集群状态并采取相应行动来维护期望的集群状态。

Master节点的组件通过持续的通信和协作，确保Kubernetes集群的正常运行。这些组件提供了一种可靠、可扩展的方式来管理和部署容器化应用程序和服务。",,"
Kubernetes Master 节点是 Kubernetes 集群中的控制中心，负责管理和控制集群中的 Node 节点。以下是 Kubernetes Master 节点上的主要组件：
1. kube-apiserver：kube-apiserver 是 Kubernetes API 的入口点，提供对集群中资源的访问和管理。它接收来自客户端的请求，并将其转发到相应的控制器或 scheduler 上进行处理。
2. kube-controller-manager：kube-controller-manager 是一组控制器，负责管理和控制集群中的资源。它包括以下几个组件：
- Node Controller：负责管理集群中的 Node 节点，确保它们都处于正常状态并具有所需的容量和资源。  
- Service Controller：负责管理和控制集群中的服务，确保它们在整个集群中正确地路由和负载均衡。  
- Replication Controller：负责管理和控制集群中的副本，确保它们在需要的时候被正确地创建、更新和删除。  
- Deployment Controller：负责管理和控制集群中的部署，确保它们在整个集群中正确地路由和负载均衡。
3. kube-scheduler：kube-scheduler 负责调度集群中的容器，以确保它们被正确地分配到可用的 Node 节点上。它通过分析集群中 Node 节点的资源和使用情况，来决定将容器调度到哪个 Node 节点上。
4. kubelet：kubelet 是 Kubernetes Node 节点上的主要组件，负责管理和控制容器。它接收来自 kube-apiserver 的指令，并将它们转化为容器的实际运行。kubelet 还负责监控容器的健康状况，并将它们的状态报告给 kube-apiserver。
这些组件一起工作，共同管理和控制 Kubernetes 集群中的资源和容器。",,,,,,,,,,,
7,请描述Kubernetes的Node节点组件。,,"Kubernetes的Node节点（工作节点）负责运行容器化应用程序并执行集群的工作负载。每个Node节点都运行以下关键组件：

1. Kubelet：
   Kubelet是Node节点的主要代理，负责管理节点上运行的容器和Pod的生命周期。它通过与API服务器通信，监控集群分配给节点的Pods，并确保这些Pods按照预期的状态运行。Kubelet还负责与容器运行时（如Docker或containerd）通信，以创建、启动、停止和重启容器。

2. Kube-proxy：
   Kube-proxy是一个网络代理，负责维护Node节点上的网络规则和负载均衡。它通过实现Service的虚拟IP（ClusterIP）和后端Pod之间的通信，使集群内部的服务能够相互访问。Kube-proxy还可以实现网络策略和带宽管理。

3. Container runtime（容器运行时）：
   Container runtime负责运行容器，如Docker或containerd。它响应来自Kubelet的命令，创建、启动和停止容器。容器运行时与底层操作系统和硬件交互，以确保容器能够在Node节点上正常运行。

此外，Node节点还可以运行其他附加组件，例如网络插件、存储插件和监控插件，以提供额外的功能和支持。这些组件根据集群的需求和配置进行安装和配置。

Node节点的组件通过与Master节点组件的协同工作，确保集群资源的高效分配和管理。这些组件提供了一种可靠、可扩展的方式来运行和扩展容器化应用程序和服务。",,"Kubernetes Node 节点是 Kubernetes 集群中负责运行容器的节点。以下是 Kubernetes Node 节点上的主要组件：
1. kubelet：kubelet 是 Kubernetes Node 节点上的主要组件，负责管理和控制容器。它接收来自 kube-apiserver 的指令，并将它们转化为容器的实际运行。kubelet 还负责监控容器的健康状况，并将它们的状态报告给 kube-apiserver。
2. kube-proxy：kube-proxy 是 Kubernetes Node 节点上的一个代理，负责代理容器与外部服务之间的通信。它通过将容器的流量转发到外部服务上，来确保容器能够正确地与外部服务进行通信。
3. container runtime：container runtime 是 Kubernetes Node 节点上的一个运行时，负责实际运行容器。它接收 kubelet 的指令，并将它们转化为容器的实际运行。container runtime 还负责监控容器的健康状况，并将它们的状态报告给 kubelet。
4. Volumes：Volumes 是 Kubernetes Node 节点上的一个存储管理器，负责管理容器的存储。它通过将容器的存储挂载到 Node 节点的文件系统上，来确保容器的存储能够被正确地管理和访问。
这些组件一起工作，共同管理和控制 Kubernetes Node 节点上的容器。",,,,,,,,,,,
8,请描述Pod的生命周期。,,"Pod是Kubernetes中的最小部署单元，包含一个或多个紧密相关的容器。Pod的生命周期描述了一个Pod从创建到终止的过程。以下是Pod生命周期的主要阶段：

1.  pending（挂起）：
   当一个新的Pod被创建时，它首先处于pending（挂起）状态。此时，Kubernetes正在为Pod分配可用的Node节点，并调度容器到该节点。

2.  running（运行）：
   当Pod被成功调度到Node节点，并且其所有容器都已启动时，Pod的状态将变为running（运行）。在这个阶段，Pod中的所有容器正在正常运行。

3.  succeeded（成功）：
   当Pod中的所有容器都成功执行并正常退出时，Pod的状态将变为succeeded（成功）。这意味着Pod完成了其预期的工作，不再需要继续运行。

4.  failed（失败）：
   如果Pod中的任何一个容器因为错误或异常而终止，且没有重启策略或者重启策略已达到最大尝试次数，Pod的状态将变为failed（失败）。这意味着Pod无法正常运行，需要修复问题或重新创建。

5.  unknown（未知）：
   如果由于某种原因，Kubernetes无法获取Pod的状态信息，Pod的状态将变为unknown（未知）。这可能是由于网络问题或API服务器的故障导致的。

在Pod的生命周期中，根据需要可以对Pod执行各种操作。例如，可以创建、更新、删除或查询Pod。Kubernetes还提供了一系列控制器（如Deployment、StatefulSet、DaemonSet和Job）来管理Pod的生命周期，并确保期望的状态和副本数量。通过控制Pod的生命周期，Kubernetes提供了一种可靠、可扩展的方式来运行和管理容器化应用程序和服务。",,"
Pod 是 Kubernetes 集群中的最小可部署对象，它是一组容器的集合。Pod 的生命周期包括以下阶段：
1. 创建（Create）：当使用 kubectl 命令创建一个 Pod 时，Kubernetes API server 将创建一个 Pod 对象，并分配一个唯一的 UID。此时，Pod 的状态为 Pending，表示 Pod 尚未被调度到任何 Node 上。
2. 调度（Schedule）：当 Pod 创建后，Kubernetes 调度器会根据 Pod 的定义和当前集群的状态，选择一个 Node 来运行该 Pod。此时，Pod 的状态变为 Running。
3. 运行（Running）：一旦 Pod 被调度到 Node 上，容器编排器（如 Docker）将启动容器并在 Node 上运行。容器的状态可以通过 kubectl 命令查看。
4. 停止（Stop）：当需要停止 Pod 时，可以使用 kubectl 命令停止 Pod。此时，Pod 的状态变为 Failed，容器将被终止，并从 Node 上移除。
5. 删除（Delete）：当需要删除 Pod 时，可以使用 kubectl 命令删除 Pod。此时，Pod 的状态变为 Deleted，Kubernetes API server 将删除 Pod 对象，并停止监控该 Pod 的状态。
在 Pod 的生命周期中，还有两个重要的概念：PreStop 和 PostStart。PreStop 是一个钩子，在容器被终止前被调用，可以用于执行一些清理工作，如关闭连接、保存数据等。PostStart 是一个钩子，在容器创建成功后被调用，可以用于执行一些初始化工作，如设置环境变量、加载配置文件等。",,,,,,,,,,,
9,K8S 中什么是Deployment?有什么特点?,,"Deployment是Kubernetes中用于管理和部署应用程序的一种资源对象。它通过控制ReplicaSet（副本集）来实现对Pod副本的管理。Deployment主要负责确保期望的Pod副本数量始终与定义的目标副本数保持一致，并支持滚动更新、回滚等功能。Deployment的特点如下：

1. 声明式更新：
   Deployment通过声明式配置管理Pod副本。用户只需描述期望的Pod状态，如容器镜像、副本数等，而不需要担心具体的更新过程。Kubernetes会自动将实际状态调整为期望状态。

2. 滚动更新与回滚：
   Deployment支持滚动更新，即在更新应用程序时逐步替换旧版本的Pod，同时确保服务的可用性。此外，Deployment还支持回滚，即在出现错误时将应用程序回滚到之前的版本。这有助于降低更新过程中引入风险的可能性。

3. 版本记录：
   Deployment为每个更新操作创建新的ReplicaSet，并将旧的ReplicaSet保留一段时间。这样，在需要时可以查看和管理应用程序的历史版本。

4. 自动扩缩容：
   Deployment可以根据资源需求自动调整Pod副本数。例如，可以根据CPU和内存使用率来实现水平自动扩缩容。

5. 自愈：
   如果Pod副本由于错误或异常而终止，Deployment将自动创建一个新的Pod副本来替换失败的副本，以确保目标副本数得到满足。

6. 简便性：
   Deployment为应用程序部署和管理提供了简洁的接口。用户只需创建一个Deployment对象，并提供相应的配置文件，Kubernetes就会自动处理部署、更新和扩缩容等操作。

通过使用Deployment，Kubernetes提供了一种可靠、可扩展的方式来部署和管理容器化应用程序和服务。它可以确保应用程序始终按照预期的方式运行，并提供了一系列更新和扩缩容功能，以满足不断变化的需求。",,"
在 Kubernetes 中，Deployment 是一种资源对象，用于管理 Pod 的部署和滚动升级。它提供了一种声明式的定义方法，使得用户无需手动创建 Pod 对象，而是通过创建 Deployment 对象来定义应用的部署方式和升级策略。Deployment 对象由 Deployment Controller 管理，该控制器会通过 Replicaset 对象间接管理 Pod 对象。因此，Deployment 比 Replicaset 功能更强大，支持 Replicaset 的所有功能，并支持发布的停止、继续和支持版本升级等功能。使用 Deployment 可以更方便地管理 Pod 部署和升级，并提供更高的可靠性和可扩展性。",,,,,,,,,,,
10,K8S中什么是Service?常见的Service类型有哪些?,,"在Kubernetes中，Service是一种抽象层，用于表示一组Pod的逻辑集合。Service提供了访问这些Pod的方式，实现负载均衡和网络通信。Service通过为Pod提供一个稳定的IP地址和DNS名称，使集群内的其他服务能够轻松地访问这些Pod，而无需知道具体的Pod IP地址。常见的Service类型包括：

1. ClusterIP：
   ClusterIP是默认的Service类型。它为Service分配一个内部IP地址，集群内部的其他服务可以通过该地址访问该Service。ClusterIP主要用于集群内部的服务通信。

2. NodePort：
   NodePort允许从集群外部访问Service。NodePort为Service分配一个静态端口，集群中的每个节点都暴露这个端口。访问者可以通过任意节点的IP地址和端口号访问该Service。NodePort主要用于对外提供服务的入口点。

3. LoadBalancer：
   LoadBalancer类型为Service分配一个云提供商负载均衡器的IP地址。访问者可以通过该IP地址访问Service。云提供商负责将流量负载均衡到集群内部的Pod。LoadBalancer适用于需要外部访问且负载均衡的场景。

4. ExternalName：
   ExternalName类型将Service映射到外部服务，如公司的其他集群服务或DNS名称。访问者可以通过Service的DNS名称访问外部服务。ExternalName不涉及负载均衡，而是将流量直接路由到外部服务。

通过使用这些Service类型，Kubernetes提供了一种灵活、可扩展的方式来管理和访问容器化应用程序和服务。Service能够确保应用程序和服务之间的网络通信，同时提供负载均衡和故障恢复功能。这使得在Kubernetes中构建和部署分布式系统变得更加简单和高效。",,"在 Kubernetes 中，Service 是一种资源对象，用于将 Pod 暴露到服务网络上，以便其他组件可以访问它们。Service 对象由 Service Controller 管理，该控制器会创建和维护 Service 代理，将请求转发到 Pod 上。Service 代理通常是运行在 Node 上的 Kubernetes Proxy，它们将请求转发到 Pod 上，并提供负载均衡、故障转移和高可用性等功能。
常见的 Service 类型有以下四种：
1.  ClusterIP（集群 IP）：ClusterIP 是默认的 Service 类型，它将 Service 暴露在集群内部，只能在集群内访问。Kubernetes 会为 ClusterIP 服务分配一个集群内部 IP 地址。
2.  NodePort（节点端口）：NodePort 服务是 ClusterIP 服务的扩展，它通过在 ClusterIP 服务之上添加一个节点端口，将 Service 暴露到集群外部。NodePort 服务在静态端口（NodePort）上公开每个节点 IP 上的服务。
3.  LoadBalancer（负载均衡器）：LoadBalancer 服务将 Service 暴露到外部负载均衡器上，以便外部组件可以访问它们。Kubernetes 会自动创建一个外部负载均衡器，并将 Service 代理转发到该负载均衡器上。
4.  ExternalName（外部名称）：ExternalName 服务将 Service 暴露为其外部名称，而不是 IP 地址或端口。这种类型的 Service 主要用于将 Service 暴露到集群外部，以便外部组件可以访问它们。
除了上述四种常见的 Service 类型外，还有一些其他类型的 Service，如：
1.  Headless Service：Headless Service 是一种特殊的 Service 类型，它不与任何 Pod 相关联，而是仅用于将请求转发到其他 Service 或 Endpoint 上。
2.  Custom Service：Custom Service 是一种自定义 Service 类型，它允许用户创建自定义的 Service 代理，以实现特定的网络功能。
总结起来，Service 是 Kubernetes 中非常重要的概念，它可以将 Pod 暴露到服务网络上，以便其他组件可以访问它们。了解不同类型的 Service 和其特点，可以帮助用户更好地管理 Kubernetes 集群。",,,,,,,,,,,
11,怎么访问Kubernetes集群中的应用?,,"要访问Kubernetes集群中的应用，您需要遵循以下步骤：

1. 为您的服务创建Service：
   在创建服务之前，请确保您的应用程序已经以Pod的形式部署在Kubernetes集群中。然后，创建一个Service对象，将Pod关联到该服务。Service会为每个Pod分配一个唯一的DNS名称，这样集群内的其他服务就可以通过DNS名称访问这些Pod。

2. 选择合适的Service类型：
   根据应用程序的需求和访问方式，选择合适的Service类型。例如，如果服务只需要在集群内部访问，那么可以使用ClusterIP类型。如果需要从集群外部访问，可以选择NodePort或LoadBalancer类型。

3. 获取Service的访问信息：
   根据所选的Service类型，获取服务的访问信息。例如：

   - 如果使用ClusterIP类型，可以通过`<service-name>.<namespace>.svc.cluster.local`格式访问Service，其中`<service-name>`是Service的名称，`<namespace>`是Service所在的命名空间。
   - 如果使用NodePort类型，可以通过任意节点的IP地址和NodePort端口访问Service。NodePort端口可以通过`kubectl describe service <service-name>`命令查看。
   - 如果使用LoadBalancer类型，可以通过云提供商提供的负载均衡器的IP地址访问Service。该IP地址通常会自动分配，也可以通过`kubectl describe service <service-name>`命令查看。
   - 如果使用ExternalName类型，可以通过Service的DNS名称访问外部服务。

4. 访问应用程序：
   使用获取到的服务访问信息，通过相应的协议（如HTTP、TCP等）和端口访问应用程序。例如，如果应用程序提供HTTP服务并监听在端口80上，可以通过`***<service-address>:80`来访问应用程序。

通过这些步骤，您应该能够成功地访问Kubernetes集群中的应用程序。确保应用程序已正确部署、配置了适当的Service类型，并遵循安全策略，以确保访问安全性。",不准确,"访问 Kubernetes 集群中的应用有几种方法：
1. 使用 kubectl 命令行工具：可以使用 kubectl 命令行工具查询集群中运行的应用，并获取其 IP 地址或端口号。例如，可以使用以下命令查询部署的应用：
```  
kubectl get pods  
```
此命令将列出所有运行中的 Pod，包括其 IP 地址和端口号。可以使用这些信息来访问应用。
2. 使用 Kubernetes Dashboard：Kubernetes Dashboard 是一个基于 Web 的界面，用于管理和监控 Kubernetes 集群。可以使用 Dashboard 查看集群中运行的应用，并获取其 IP 地址或端口号。
3. 使用 NodePort 服务：如果应用部署在 NodePort 服务上，可以使用该服务的节点端口号访问应用。NodePort 服务将应用暴露到集群外部，因此可以从外部访问应用。
4. 使用 LoadBalancer 服务：如果应用部署在 LoadBalancer 服务上，可以使用该服务的负载均衡器 IP 地址访问应用。LoadBalancer 服务将应用暴露到外部负载均衡器上，因此可以从外部访问应用。
无论使用哪种方法，都需要首先登录到 Kubernetes 集群的控制平面，并拥有相应的权限来访问应用。",,,,,,,,,,,
12,怎么实现Kubernetes的负载均衡?,,"在Kubernetes中，负载均衡主要通过Service对象实现。Service负责为Pod提供一个稳定的IP地址和DNS名称，同时实现负载均衡和网络通信。以下是Kubernetes中实现负载均衡的主要方法：

1. ClusterIP服务：
   对于ClusterIP类型的Service，Kubernetes会在集群内部为服务分配一个虚拟IP地址。Service将对所有连接到该IP地址的请求进行负载均衡，将请求分发到后端Pod。默认情况下，Kubernetes使用基于随机算法的负载均衡策略。

2. Session Affinity（会话亲和性）：
   Kubernetes还支持基于会话的负载均衡策略，称为会话亲和性。在这种策略下，Service会将来自同一会话的请求转发到同一个后端Pod。这可以确保在会话过程中，客户端始终与同一个Pod通信。要启用会话亲和性，可以在创建Service时使用`service.spec.sessionAffinity`配置参数。

3. 自定义负载均衡策略：
   如果需要基于其他规则实现负载均衡，可以配置自定义的负载均衡策略。例如，可以使用基于源IP、请求URL路径等的负载均衡策略。要实现自定义策略，可以创建自定义的负载均衡器或反向代理，并在Service中使用它。

4. 云提供商负载均衡器：
   对于需要从集群外部访问的服务，可以使用LoadBalancer类型的Service。在这种情况下，Kubernetes会自动创建云提供商的负载均衡器，并将Service的IP地址映射到该负载均衡器的IP地址。云提供商的负载均衡器负责实现负载均衡，将流量分发到后端Pod。

通过使用这些负载均衡方法，Kubernetes提供了一种灵活、可扩展的方式来管理和访问容器化应用程序和服务。Service能够确保应用程序和服务之间的网络通信，同时提供负载均衡和故障恢复功能。这使得在Kubernetes中构建和部署分布式系统变得更加简单和高效。",,"Kubernetes 提供了多种方式来实现负载均衡，以下是其中一些常见的方法：
1. 使用 Kubernetes Service：Kubernetes Service 是一种抽象，用于表示应用程序的入口点。Service 提供了一个稳定的 IP 地址和端口号，可以用于访问应用程序。Kubernetes 提供了两种类型的 Service：ClusterIP 和 NodePort。ClusterIP Service 将应用程序暴露到集群内部，而 NodePort Service 将应用程序暴露到集群外部。可以使用 NodePort Service 来实现负载均衡。
2. 使用 Kubernetes Ingress：Kubernetes Ingress 是一种基于 HTTP 的负载均衡器，用于将传入的请求路由到多个后端 Pod 上。Ingress 提供了一个稳定的 IP 地址和端口号，可以用于访问应用程序。Kubernetes 提供了两种类型的 Ingress：Classic 和 OpenShift。Classic Ingress 适用于基于 TCP 或 UDP 协议的应用程序，而 OpenShift Ingress 适用于基于 HTTP 或 HTTPS 协议的应用程序。
3. 使用第三方负载均衡器：除了 Kubernetes 自带的 Service 和 Ingress 之外，还可以使用第三方负载均衡器来实现负载均衡。例如，可以使用 NGINX、HAProxy 或 LoadBalancer 等第三方负载均衡器来实现负载均衡。
无论使用哪种方法，都需要定义一个负载均衡器，并将应用程序的流量路由到该负载均衡器上。然后，负载均衡器将流量分发到多个后端 Pod 上，以实现负载均衡。",,,,,,,,,,,
13,怎么实现Kubernetes的滚动更新?,,"在Kubernetes中，滚动更新（Rolling Update）是一种逐步更新应用程序部署的方法，可以确保应用程序的持续可用性。滚动更新通过Deployment对象实现，Deployment会自动控制副本集（ReplicaSet），从而实现对Pod的滚动更新。以下是实现Kubernetes滚动更新的主要步骤：

1. 部署应用程序：
   首先，将应用程序部署到Kubernetes集群。使用Deployment对象创建应用程序，确保应用程序的所有Pod都正常运行。

2. 更新应用程序：
   当需要更新应用程序时，更新Deployment的配置文件，以反映新的容器镜像、环境变量等。然后，使用`kubectl apply`命令将更新应用于Deployment。

3. 观察更新过程：
   Kubernetes会自动将Deployment的配置更改应用到Pod。Deployment将逐步更新Pod，同时确保至少有一个Pod正常运行。在滚动更新过程中，可以运行`kubectl rollout status deploy/<deployment-name>`命令查看更新进度。

4. 回滚更新：
   如果更新过程中出现问题，可以回滚到之前的版本。使用`kubectl rollout undo deploy/<deployment-name>`命令执行回滚操作。Kubernetes将自动将Deployment配置更改为前一版本，并逐步更新Pod。

5. 最大化可用性和可靠性：
   为了确保更新过程的可用性和可靠性，可以配置Deployment的更新策略和参数。例如，可以设置最大不可用（MaxUnavailable）和最大超时（MaxSurge）参数，以控制滚动更新的速度和方式。此外，可以使用liveness和readiness探针确保Pod的健康状况。

通过实现Kubernetes的滚动更新，可以确保应用程序的持续可用性，同时降低更新过程中的风险。滚动更新可以帮助您更安全、更可靠地将应用程序部署到Kubernetes集群，同时提高运维效率。",,"
Kubernetes 提供了滚动更新 (rolling-update) 的方式来实现对集群中服务的升级，避免因传统升级方式导致的服务中断。滚动更新是一种不中断服务的更新升级方式，对于多实例服务，采用对各个实例逐个进行单独更新而非同一时刻对所有实例进行全部更新的方式。
在 Kubernetes 中，一个 service 通过 label selector 匹配出一个 pods 集合，这些 Pods 作为 service 的 endpoint，是真正承载业务的实体。而 pod 在集群内的部署、调度、副本数则是通过 Deployment 或者 RC 这些更高级别的抽象来管理的。因此，Kubernetes service 的 rolling update 实质上是对 Service 所 match 出来的 Pod 集合的 Rolling update。
要实现 Kubernetes 的滚动更新，需要使用 Deployment 或 StatefulSet 等控制器来管理 Pod 的部署和更新。这些控制器会负责创建、更新和删除 Pod，并在更新时进行必要的滚动操作，以确保服务不会中断。同时，还需要使用 kubectl set image 命令来更新容器镜像，以实现服务的升级。
在滚动更新过程中，Kubernetes 会自动管理 Pod 的升级和回滚，确保服务始终可用。如果更新失败，Kubernetes 会自动回滚到先前的版本，以避免服务中断。此外，还可以使用 Kubernetes 的滚动更新控制器 (Rolling Update Controller) 来实现自动化的滚动更新，该控制器可以自动检测服务的更新，并自动执行滚动更新操作。",,,,,,,,,,,
14,怎么实现Kubernetes的回滚操作?,,"在Kubernetes中，回滚操作是一种将应用程序部署恢复到之前版本的方法，可用于修复更新过程中引入的问题。回滚操作通过Deployment对象实现。以下是实现Kubernetes回滚操作的主要步骤：

1. 部署应用程序：
   首先，将应用程序部署到Kubernetes集群。使用Deployment对象创建应用程序，确保应用程序的所有Pod都正常运行。

2. 更新应用程序：
   当需要更新应用程序时，更新Deployment的配置文件，以反映新的容器镜像、环境变量等。然后，使用`kubectl apply`命令将更新应用于Deployment。

3. 观察更新过程：
   Kubernetes会自动将Deployment的配置更改应用到Pod。Deployment将逐步更新Pod，同时确保至少有一个Pod正常运行。在滚动更新过程中，可以运行`kubectl rollout status deploy/<deployment-name>`命令查看更新进度。

4. 回滚更新：
   如果更新过程中出现问题，可以回滚到之前的版本。使用`kubectl rollout undo deploy/<deployment-name>`命令执行回滚操作。Kubernetes将自动将Deployment配置更改为前一版本，并逐步更新Pod。

5. 确认回滚结果：
   在执行回滚操作后，运行`kubectl rollout status deploy/<deployment-name>`命令查看回滚进度。确保应用程序已成功回滚到前一版本，并正常运行。

通过实现Kubernetes的回滚操作，可以在更新过程中出现问题时，快速将应用程序恢复到之前的稳定版本。回滚操作有助于降低更新过程中的风险，提高应用程序的稳定性和可靠性。",,"在 Kubernetes 中，回滚操作可以通过以下步骤实现：
1. 使用 kubectl 命令删除更新的 Pod 镜像。可以使用以下命令来删除镜像：
```  
kubectl delete image <image-name>  
```
2. 手动删除更新的 Pod。可以使用以下命令来删除 Pod：
```  
kubectl delete pod <pod-name>  
```
3. 重建旧的 Pod 镜像。可以使用以下命令来重建旧的 Pod 镜像：
```  
kubectl create image <image-name> --from-manifest=<manifest-url>  
```
其中，`<image-name>` 是要重建的 Pod 镜像的名称，`<manifest-url>` 是 Pod 镜像的 manifest 文件的 URL。
4. 重建旧的 Pod。可以使用以下命令来重建旧的 Pod：
```  
kubectl apply -f <manifest-file>  
```
其中，`<manifest-file>` 是旧的 Pod 镜像的 manifest 文件。
如果需要回滚多个 Pod，可以使用以下命令来回滚整个 Deployment 或 StatefulSet：
```  
kubectl rollout undo deployment/<deployment-name>  
```
或者
```  
kubectl rollout undo statefulset/<statefulset-name>  
```
这些命令将回滚整个 Deployment 或 StatefulSet，并删除所有更新的 Pod。
在回滚操作期间，Kubernetes 会自动管理 Pod 的升级和回滚，以确保服务始终可用。如果回滚失败，Kubernetes 会自动回滚到先前的版本，以避免服务中断。",,,,,,,,,,,
15,怎么配置Kubernetes的资源请求和限制?,,"在Kubernetes中，资源请求和限制用于确保Pod在集群中运行得有效且稳定。资源请求表示Pod所需的资源，而资源限制表示Pod可以占用的资源上限。通过配置资源请求和限制，可以提高集群的资源利用率，并防止资源争用和竞争。以下是配置Kubernetes资源请求和限制的方法：

1. 编辑Deployment或Pod配置文件：
   在创建Deployment或编写Pod配置文件时，可以为容器定义资源请求和限制。资源请求和限制可以通过`resources`字段配置，该字段包含两个子字段：`requests`和`limits`。

2. 设置资源请求：
   设置资源请求以告知Kubernetes调度器，为Pod分配多少资源。资源请求包括CPU和内存资源。以下是一个设置资源请求的示例：

   ```
   apiVersion: v1
   kind: Pod
   metadata:
     name: nginx
   spec:
     containers:
     - name: nginx
       image: nginx:1.14.2
       resources:
         requests:
           cpu: ""100m""
           memory: ""128Mi""
   ```

   在这个示例中，为容器指定了100m（0.1个CPU核心）的CPU请求和128Mi（128MiB）的内存请求。

3. 设置资源限制：
   设置资源限制以确保容器不会占用过多的资源。资源限制包括CPU和内存资源。以下是一个设置资源限制的示例：

   ```
   apiVersion: v1
   kind: Pod
   metadata:
     name: nginx
   spec:
     containers:
     - name: nginx
       image: nginx:1.14.2
       resources:
         limits:
           cpu: ""500m""
           memory: ""512Mi""
   ```

   在这个示例中，为容器指定了500m（0.5个CPU核心）的CPU限制和512Mi（512MiB）的内存限制。

4. 应用配置更改：
   在配置资源请求和限制后，使用`kubectl apply`命令将更改应用到Deployment或Pod。Kubernetes将根据新的配置调度和限制容器资源。

通过配置Kubernetes的资源请求和限制，可以确保应用程序在集群中稳定运行，同时提高集群的资源利用率。这有助于优化资源分配，防止资源争用和竞争，并确保应用程序的高可用性和性能。",,"
Kubernetes 提供了多种方式来配置资源的请求和限制。其中，可以通过以下方式来配置资源的请求和限制：
1. 使用 ResourceQuota 对象：ResourceQuota 对象可以用来限制命名空间中的资源请求和限制。通过配置 ResourceQuota 对象中的 request 和 limit 字段，可以限制部署在命名空间中的 Pod 的资源请求和限制。
2. 使用 ResourceRequests 和 ResourceLimits 字段：在 Pod 定义中，可以通过设置 ResourceRequests 和 ResourceLimits 字段来请求和限制 Pod 的资源。其中，ResourceRequests 字段用于请求所需的资源，而 ResourceLimits 字段用于限制 Pod 可以使用的资源。
3. 使用 ContainerResourceQuota 对象：ContainerResourceQuota 对象可以用来限制容器的资源请求和限制。通过配置 ContainerResourceQuota 对象中的 request 和 limit 字段，可以限制容器的资源请求和限制。
4. 使用 Taints 和 Tolerations：Taints 和 Tolerations 可以用来限制 Node 上可以部署的 Pod 的资源。通过将 Taints 添加到 Node 上，可以指示 Kubernetes 不要将某些资源请求高的 Pod 部署到该 Node 上。而通过将 Tolerations 添加到 Pod 定义中，可以指示 Pod 可以容忍的资源限制。
以上是一些可以用来配置 Kubernetes 资源请求和限制的方法。具体使用哪种方法，需要根据具体的场景和需求进行选择。",,,,,,,,,,,
16, 怎么配置Kubernetes的健康检查?,,"在Kubernetes中，健康检查（Health Check）用于监控Pod中的容器是否正常运行。当容器出现问题时，Kubernetes会自动将Pod标记为不健康，并在必要时进行替换。健康检查可以通过两种方式实现：livenessProbe（活力探针）和readinessProbe（就绪探针）。

1. LivenessProbe（活力探针）：
   LivenessProbe用于检查容器是否仍在运行。如果LivenessProbe失败，Kubernetes将根据重启策略重新启动容器或删除Pod。

2. ReadinessProbe（就绪探针）：
   ReadinessProbe用于检查容器是否已准备好接受流量。如果ReadinessProbe失败，Kubernetes将把Pod从Service的端点列表中删除，直到它再次准备好。

配置健康检查的方法如下：

1. 编辑Deployment或Pod配置文件：
   在创建Deployment或编写Pod配置文件时，可以为容器定义健康检查。健康检查可以通过`livenessProbe`和`readinessProbe`字段配置。

2. 定义探针类型：
   探针类型包括以下三种：

   - Exec：执行容器中的一个命令。如果命令返回0，则探针成功；否则失败。
   - HTTP：向容器的HTTP服务器发送请求。如果响应状态码在200和400之间（不包括400），则探针成功；否则失败。
   - TCP：尝试与容器的TCP套接字建立连接。如果连接成功建立，则探针成功；否则失败。

3. 配置探针参数：
   针对每种探针类型，需要配置相应的参数。以下是每种探针类型的配置示例：

   - Exec探针：

   ```yaml
   livenessProbe:
     exec:
       command:
       - ls
       - /tmp
     initialDelaySeconds: 5
     periodSeconds: 5
   ```

   - HTTP探针：

   ```yaml
   readinessProbe:
     httpGet:
       path: /healthz
       port: 8080
     initialDelaySeconds: 5
     periodSeconds: 5
   ```

   - TCP探针：

   ```yaml
   livenessProbe:
     tcpSocket:
       port: 3000
     initialDelaySeconds: 5
     periodSeconds: 5
   ```

4. 应用配置更改：
   在配置健康检查后，使用`kubectl apply`命令将更改应用到Deployment或Pod。Kubernetes将根据新的配置执行健康检查，并在需要时采取相应措施。

通过配置Kubernetes的健康检查，可以确保应用程序在遇到故障时能够及时恢复，从而提高应用程序的可靠性和稳定性。这有助于降低故障恢复时间，确保应用程序的高可用性和性能。",,"
Kubernetes 健康检查是通过 Liveness 和 Readiness 探针来实现的。Liveness 探针用于检测容器是否活着，即容器是否正在运行并且可以被访问。Readiness 探针用于检测容器是否准备好了，即容器是否已经完成了初始化并且可以接受请求。
要配置 Kubernetes 健康检查，可以按照以下步骤进行操作：
1. 创建一个 Probe 对象：Probe 对象用于定义 Liveness 和 Readiness 探针。可以使用 kubectl create probe 命令来创建一个 Probe 对象。例如：
```  
kubectl create probe --namespace default --name my-probe --container my-container --protocol http --port 80  
```
此命令将创建一个名为 my-probe 的 Probe 对象，该对象将监控命名空间 default 中的 my-container 容器，并使用 HTTP 协议和端口 80 进行健康检查。
2. 配置 Liveness 和 Readiness 探针：在 Probe 对象中，可以使用 Liveness 和 Readiness 字段来配置探针。其中，Liveness 探针用于检测容器是否活着，而 Readiness 探针用于检测容器是否准备好了。可以使用 kubectl patch 命令来配置探针。例如：
```  
kubectl patch probe my-probe -p '{""liveness"": {""timeout"": 10}, ""readiness"": {""timeout"": 5}}'  
```
此命令将配置 my-probe Probe 对象的 Liveness 和 Readiness 探针，其中 Liveness 探针的超时时间为 10 秒，Readiness 探针的超时时间为 5 秒。
3. 部署 Deployment 或 StatefulSet 对象：在创建 Probe 对象之后，需要部署 Deployment 或 StatefulSet 对象来定义要部署的容器。可以使用 kubectl create 命令来部署 Deployment 或 StatefulSet 对象。例如：
```  
kubectl create deployment my-deployment --image my-image --namespace default  
```
此命令将创建一个名为 my-deployment 的 Deployment 对象，该对象将部署默认命名空间中的 my-image 容器。
4. 检查健康检查状态：可以使用 kubectl get pods 命令来检查容器的健康检查状态。例如：
```  
kubectl get pods --namespace default  
```
此命令将列出默认命名空间中的所有 Pod，包括它们的健康检查状态。
通过以上步骤，就可以配置 Kubernetes 健康检查。",,,,,,,,,,,
17,怎么配置Kubernetes的就绪检查?,,"在Kubernetes中，就绪检查（Readiness Probe）用于确保Pod中的容器已准备好接受流量。当容器未准备好时，Kubernetes会将Pod从Service的端点列表中删除，直到它再次准备好。就绪检查可以通过以下方式配置：

1. 编辑Deployment或Pod配置文件：
   在创建Deployment或编写Pod配置文件时，可以为容器定义就绪检查。就绪检查可以通过`readinessProbe`字段配置。

2. 定义探针类型：
   探针类型包括以下三种：

   - Exec：执行容器中的一个命令。如果命令返回0，则探针成功；否则失败。
   - HTTP：向容器的HTTP服务器发送请求。如果响应状态码在200和400之间（不包括400），则探针成功；否则失败。
   - TCP：尝试与容器的TCP套接字建立连接。如果连接成功建立，则探针成功；否则失败。

3. 配置探针参数：
   针对每种探针类型，需要配置相应的参数。以下是每种探针类型的配置示例：

   - Exec探针：

   ```yaml
   readinessProbe:
     exec:
       command:
       - ls
       - /tmp
     initialDelaySeconds: 5
     periodSeconds: 5
   ```

   - HTTP探针：

   ```yaml
   readinessProbe:
     httpGet:
       path: /healthz
       port: 8080
     initialDelaySeconds: 5
     periodSeconds: 5
   ```

   - TCP探针：

   ```yaml
   readinessProbe:
     tcpSocket:
       port: 3000
     initialDelaySeconds: 5
     periodSeconds: 5
   ```

4. 应用配置更改：
   在配置就绪检查后，使用`kubectl apply`命令将更改应用到Deployment或Pod。Kubernetes将根据新的配置执行就绪检查，并在需要时将Pod从Service的端点列表中添加或删除。

通过配置Kubernetes的就绪检查，可以确保应用程序在遇到问题时能够及时恢复，从而提高应用程序的可靠性和稳定性。这有助于降低故障恢复时间，确保应用程序的高可用性和性能。",,"Kubernetes 就绪检查是通过 Readiness 探针来实现的。Readiness 探针用于检测容器是否准备好了，即容器是否已经完成了初始化并且可以接受请求。
要配置 Kubernetes 就绪检查，可以按照以下步骤进行操作：
1. 创建一个 Probe 对象：Probe 对象用于定义 Liveness 和 Readiness 探针。可以使用 kubectl create probe 命令来创建一个 Probe 对象。例如：
```    
kubectl create probe --namespace default --name my-probe --container my-container --protocol http --port 80    
```
此命令将创建一个名为 my-probe 的 Probe 对象，该对象将监控命名空间 default 中的 my-container 容器，并使用 HTTP 协议和端口 80 进行健康检查。
2. 配置 Readiness 探针：在 Probe 对象中，可以使用 Readiness 字段来配置探针。可以使用 kubectl patch 命令来配置探针。例如：
```    
kubectl patch probe my-probe -p '{""readiness"": {""timeout"": 5}}'    
```
此命令将配置 my-probe Probe 对象的 Readiness 探针，其中 Readiness 探针的超时时间为 5 秒。
3. 部署 Deployment 或 StatefulSet 对象：在创建 Probe 对象之后，需要部署 Deployment 或 StatefulSet 对象来定义要部署的容器。可以使用 kubectl create 命令来部署 Deployment 或 StatefulSet 对象。例如：
```    
kubectl create deployment my-deployment --image my-image --namespace default    
```
此命令将创建一个名为 my-deployment 的 Deployment 对象，该对象将部署默认命名空间中的 my-image 容器。
4. 检查就绪检查状态：可以使用 kubectl get pods 命令来检查容器的就绪检查状态。例如：
```    
kubectl get pods --namespace default    
```
此命令将列出默认命名空间中的所有 Pod，包括它们的就绪检查状态。
通过以上步骤，就可以配置 Kubernetes 就绪检查。",,,,,,,,,,,
18,怎么配置Kubernetes的主机亲和性?,,"在Kubernetes中，主机亲和性（Node Affinity）用于控制Pod在集群中的部署位置。通过主机亲和性，可以将Pod调度到特定的节点上，以实现资源优化、提高性能、降低延迟等目的。主机亲和性可以通过以下方式配置：

1. 编辑Deployment或Pod配置文件：
   在创建Deployment或编写Pod配置文件时，可以为容器定义主机亲和性。主机亲和性可以通过`affinity`字段配置。

2. 定义主机亲和性规则：
   主机亲和性规则分为两种类型：requiredDuringSchedulingIgnoredDuringExecution（硬性约束）和preferredDuringSchedulingIgnoredDuringExecution（软性约束）。硬性约束要求Pod必须满足指定的条件才能部署到节点上；软性约束则表示优先部署到满足条件的节点上，但并不是强制性的。

3. 配置主机亲和性参数：
   针对每种亲和性规则，需要配置相应的参数。以下是每种规则的配置示例：

   - requiredDuringSchedulingIgnoredDuringExecution（硬性约束）：

   ```yaml
   affinity:
     nodeAffinity:
       requiredDuringSchedulingIgnoredDuringExecution:
         nodeSelectorTerms:
         - matchExpressions:
             - key: kubernetes.io/hostname
               operator: In
               values:
                 - node1
                 - node2
   ```

   - preferredDuringSchedulingIgnoredDuringExecution（软性约束）：

   ```yaml
   affinity:
     nodeAffinity:
       preferredDuringSchedulingIgnoredDuringExecution:
         - weight: 50
           preference:
             matchExpressions:
               - key: kubernetes.io/e2e-az-name
                 operator: In
                 values:
                   - e2e-az1
                   - e2e-az2
   ```

   在这些示例中，我们使用了`nodeSelectorTerms`（硬性约束）和`preference`（软性约束）字段来定义亲和性规则。对于硬性约束，我们指定了`key`（标签键）、`operator`（操作符）和`values`（标签值）。对于软性约束，我们指定了`weight`（权重）和与硬性约束相同的规则参数。

4. 应用配置更改：
   在配置主机亲和性后，使用`kubectl apply`命令将更改应用到Deployment或Pod。Kubernetes将根据新的配置调度Pod，确保它们满足指定的亲和性规则。

通过配置Kubernetes的主机亲和性，可以实现对集群资源的优化、提高性能、降低延迟等目的。这有助于更好地管理和维护集群，确保应用程序的高可用性和性能。",,"Kubernetes 主机亲和性（Affinity）是一种调度策略，用于控制 Pod 在哪些节点上运行。通过设置亲和性，可以确保 Pod 在特定的节点上运行，或者避免 Pod 在某些节点上运行。
要配置 Kubernetes 主机亲和性，可以按照以下步骤进行操作：
1. 创建一个 PodAffinity 对象：使用 kubectl create podaffinity 命令创建一个 PodAffinity 对象。例如：
```  
kubectl create podaffinity --namespace default --name my-pod-affinity  
```
此命令将创建一个名为 my-pod-affinity 的 PodAffinity 对象。
2. 配置 PodAffinity 对象：使用 kubectl patch 命令配置 PodAffinity 对象。例如：
```  
kubectl patch podaffinity my-pod-affinity -p '{""requiredDuringSchedulingIgnoredDuringExecution"": [{""nodeSelector"": {""matchExpressions"": [{""key"": ""kubernetes.io/hostname"", ""operator"": ""In"", ""values"": [""node1"", ""node2""]}]}}]}'  
```
此命令将配置 my-pod-affinity PodAffinity 对象，要求 Pod 在节点 node1 或 node2 上运行。如果 Pod 在其他节点上运行，则会被忽视。
3. 部署 Deployment 或 StatefulSet 对象：在创建 PodAffinity 对象之后，需要部署 Deployment 或 StatefulSet 对象来定义要部署的容器。可以使用 kubectl create 命令来部署 Deployment 或 StatefulSet 对象。例如：
```  
kubectl create deployment my-deployment --image my-image --namespace default  
```
此命令将创建一个名为 my-deployment 的 Deployment 对象，该对象将部署默认命名空间中的 my-image 容器。
4. 检查主机亲和性：可以使用 kubectl get podaffinity 命令来检查 PodAffinity 对象的配置。例如：
```  
kubectl get podaffinity my-pod-affinity -o yaml  
```
此命令将显示 my-pod-affinity PodAffinity 对象的 YAML 配置，包括要求的节点选择器。
通过以上步骤，就可以配置 Kubernetes 主机亲和性。这样可以确保 Pod 在特定的节点上运行，或者避免 Pod 在某些节点上运行。",,,,,,,,,,,
19,怎么配置Kubernetes的污点和容忍?,,"在Kubernetes中，污点和容忍（Taints and Tolerations）用于控制Pod在集群中分配的位置。通过使用污点和容忍，可以为节点添加特定的污点，以便将Pod限制在满足某些条件的节点上。污点和容忍可以通过以下方式配置：

1. 编辑Deployment或Pod配置文件：
   在创建Deployment或编写Pod配置文件时，可以为容器定义容忍。容忍可以通过`tolerations`字段配置。

2. 配置污点和容忍参数：
   污点和容忍参数主要包括两个部分：污点（Taints）和容忍（Tolerations）。污点是添加到节点上的一个键值对，用于限制哪些Pod可以调度到该节点。容忍是Pod上的键值对，用于描述Pod可以容忍的污点。

   - 污点配置示例：

   ```yaml
   apiVersion: v1
   kind: Node
   metadata:
     name: node1
   spec:
     taints:
     - key: dedicated
       value: worker
       effect: NoSchedule
   ```

   在这个示例中，我们为名为`node1`的节点添加了一个名为`dedicated`的污点，其值为`worker`，效果为`NoSchedule`。这意味着具有相应容忍的Pod将不会被调度到该节点。

   - 容忍配置示例：

   ```yaml
   apiVersion: v1
   kind: Pod
   metadata:
     name: my-pod
   spec:
     containers:
     - name: my-container
       image: my-image
     tolerations:
     - key: dedicated
       operator: Equal
       value: worker
       effect: NoSchedule
   ```

   在这个示例中，我们为名为`my-pod`的Pod定义了一个容忍，其键为`dedicated`，操作符为`Equal`，值为`worker`，效果为`NoSchedule`。这意味着这个Pod将可以容忍带有`dedicated:worker`污点的节点。

3. 应用配置更改：
   在配置污点和容忍后，使用`kubectl apply`命令将更改应用到节点或Pod。Kubernetes将根据新的配置进行调度，确保Pod满足节点污点的要求。

通过配置Kubernetes的污点和容忍，可以为集群中的节点添加特定的约束，以确保Pod在满足这些约束的节点上运行。这有助于更好地管理和维护集群，确保应用程序的高可用性和性能。",,"Kubernetes 的污点和容忍是用于控制 Pod 调度的策略。污点会标识那些有特殊要求的节点，容忍则指定了哪些节点可以接受具有特定要求的 Pod。通过使用污点和容忍，可以实现更细粒度的调度控制。
要配置 Kubernetes 的污点和容忍，可以按照以下步骤进行操作：
1. 创建一个 Taints 对象：使用 kubectl create taint 命令创建一个 Taints 对象。例如：
```    
kubectl create taint --namespace default --name my-taint -p '{""key"": ""example.com/my-taint"", ""value"": ""true""}'    
```
此命令将创建一个名为 my-taint 的 Taints 对象，其中 key 为 example.com/my-taint，value 为 true。
2. 配置容忍：使用 kubectl patch 命令配置容忍。例如：
```    
kubectl patch node my-node -p '{""tolerations"": [{""operator"": ""Exists"", ""effect"": ""NoSchedule"", ""key"": ""example.com/my-taint"", ""value"": ""true""}]}'    
```
此命令将配置名为 my-node 的节点的容忍，要求具有 example.com/my-taint 键值对的 Taints 存在的 Pod 才能在该节点上运行。
3. 部署 Pod：使用 kubectl create 命令部署 Pod。例如：
```    
kubectl create pod --image my-image --namespace default    
```
此命令将创建一个默认命名空间中的 my-image 容器的 Pod。
4. 检查污点和容忍：可以使用 kubectl get taint 和 kubectl get node 命令来检查污点和容忍的配置。例如：
```    
kubectl get taint -o yaml    
kubectl get node my-node -o yaml    
```
此命令将显示所有 Taints 对象的 YAML 配置，以及名为 my-node 的节点的 YAML 配置，包括容忍的设置。
通过以上步骤，就可以配置 Kubernetes 的污点和容忍。这样可以实现更细粒度的调度控制，以满足不同的部署需求。",,,,,,,,,,,
20,怎么给Kubernetes集群添加存储?,,"在Kubernetes集群中添加存储可以通过多种方法实现，包括使用本地存储、云存储服务或网络文件系统。这里，我们将介绍如何使用本地存储和云存储服务（例如Amazon EBS）。

1. 配置本地存储：
   对于本地存储，需要在每个节点上配置合适的存储驱动，例如`kube-storage-provisioner`。然后，可以通过创建StorageClass、PersistentVolume和PersistentVolumeClaim对象来使用本地存储。

   - 创建StorageClass：

   ```yaml
   apiVersion: storage.k8s.io/v1
   kind: StorageClass
   metadata:
     name: local-storage
   provisioner: kubernetes.io/no-provisioner
   volumeBindingMode: WaitForFirstConsumer
   ```

   - 创建PersistentVolume：

   ```yaml
   apiVersion: v1
   kind: PersistentVolume
   metadata:
     name: example-pv
   spec:
     storageClassName: local-storage
     capacity:
       storage: 1Gi
     accessModes:
       - ReadWriteOnce
     hostPath:
       path: /mnt/disks/ssd1
   ```

   - 创建PersistentVolumeClaim：

   ```yaml
   apiVersion: v1
   kind: PersistentVolumeClaim
   metadata:
     name: example-pvc
   spec:
     storageClassName: local-storage
     accessModes:
       - ReadWriteOnce
     resources:
       requests:
         storage: 1Gi
   ```

   创建了StorageClass、PersistentVolume和PersistentVolumeClaim对象后，可以使用StorageClass在Pod中请求存储。例如：

   ```yaml
   apiVersion: v1
   kind: Pod
   metadata:
     name: my-pod
   spec:
     containers:
     - name: my-container
       image: my-image
       volumeMounts:
       - name: example-volume
         mountPath: /data
     volumes:
     - name: example-volume
       persistentVolumeClaim:
         claimName: example-pvc
   ```

2. 配置云存储服务（以Amazon EBS为例）：
   对于Amazon EBS，首先需要创建一个IAM角色，允许Kubernetes访问和操作EBS资源。然后，创建一个使用Amazon EBS的StorageClass。

   - 创建IAM角色和实例配置文件：

   使用AWS CLI创建一个IAM角色和实例配置文件，并将配置文件应用于Kubernetes节点。

   - 创建StorageClass：

   ```yaml
   apiVersion: storage.k8s.io/v1
   kind: StorageClass
   metadata:
     name: gp2
   provisioner: kubernetes.io/aws-ebs
   parameters:
     type: gp2
     fsType: ext4
   ```

   - 创建PersistentVolumeClaim：

   ```yaml
   apiVersion: v1
   kind: PersistentVolumeClaim
   metadata:
     name: example-pvc
   spec:
     storageClassName: gp2
     accessModes:
       - ReadWriteOnce
     resources:
       requests:
         storage: 1Gi
   ```

   - 使用PersistentVolumeClaim：

   创建了StorageClass和PersistentVolumeClaim对象后，可以使用StorageClass在Pod中请求存储。例如：

   ```yaml
   apiVersion: v1
   kind: Pod
   metadata:
     name: my-pod
   spec:
     containers:
     - name: my-container
       image: my-image
       volumeMounts:
       - name: example-volume
         mountPath: /data
     volumes:
     - name: example-volume
       persistentVolumeClaim:
         claimName: example-pvc
   ```

配置好存储后，Kubernetes将根据请求的StorageClass自动创建和绑定PersistentVolume。Pod将根据PersistentVolumeClaim请求存储，并将其挂载到容器内的指定路径。这样，应用程序就可以访问存储并执行读写操作。",,"要给 Kubernetes 集群添加存储，可以使用 Kubernetes 的存储管理工具，例如 PersistentVolumeClaims（PVCs）和 StorageClasses。这些工具允许您在 Kubernetes 集群中创建、管理和配置存储资源。
以下是添加存储到 Kubernetes 集群的一般步骤：
1. 创建一个 StorageClass 对象。StorageClass 是 Kubernetes 存储管理的核心概念，它定义了存储资源的属性和特征，例如存储类型、容量、可用性等。您可以使用以下命令创建一个 StorageClass 对象：
```  
kubectl create storageclass my-storageclass --provisioner=kubernetes.io/aws-ebs  
```
此命令将创建一个名为 my-storageclass 的 StorageClass 对象，它使用 AWS EBS 作为存储提供程序。
2. 创建一个 PersistentVolumeClaim（PVC）对象。PVC 是一种存储请求，它定义了应用程序所需的存储容量和属性。您可以使用以下命令创建一个 PVC 对象：
```  
kubectl create pvc my-pvc --storageclass=my-storageclass --request-storage=1Gi --name=my-pvc  
```
此命令将创建一个名为 my-pvc 的 PVC 对象，它要求 1Gi 的存储容量，并使用名为 my-storageclass 的 StorageClass 对象。
3. 创建一个 Deployment 或 StatefulSet 对象。Deployment 或 StatefulSet 是 Kubernetes 中的应用程序部署对象，它们定义了应用程序的容器和存储要求。您可以使用以下命令创建一个 Deployment 或 StatefulSet 对象：
```  
kubectl create deployment my-deployment --image=my-image --pvc-name=my-pvc  
```
此命令将创建一个名为 my-deployment 的 Deployment 对象，它使用 my-image 容器镜像，并要求使用名为 my-pvc 的 PVC 对象的存储资源。
4. 等待 PVC 对象被绑定到 PersistentVolume（PV）对象。在创建 PVC 对象后，Kubernetes 将为该对象分配一个 PersistentVolume（PV）对象。PV 对象表示一个物理存储设备，它将存储数据持久化到磁盘上。您可以使用以下命令查看 PVC 对象的绑定情况：
```  
kubectl get pvc my-pvc -o yaml  
```
此命令将显示名为 my-pvc 的 PVC 对象的 YAML 配置，包括它所绑定的 PV 对象的信息。
通过以上步骤，您就可以向 Kubernetes 集群添加存储。您可以根据应用程序的实际需求调整存储容量、存储类型等属性，以满足不同的部署需求。",,,,,,,,,,,
21,怎么监控Kubernetes集群的状态?,,"要监控Kubernetes集群的状态，可以使用多种方法和工具。以下是一些建议：

1. Kubernetes原生工具：
   Kubernetes本身提供了一些原生工具，可以用于监控和控制集群状态。

   - kubectl：Kubernetes命令行工具，用于与集群交互，查询资源状态和执行操作。
   - kubectl describe：用于获取特定资源的详细信息，例如节点、Pod、Service等。
   - kubectl logs：用于查看Pod中的容器日志，帮助诊断问题。
   - kubectl exec：用于在Pod中的容器内执行命令，以便进一步了解容器内部状况。

2. Kubernetes仪表板（Dashboard）：
   Kubernetes仪表板是一个基于Web的UI，用于展示集群状态、资源和运行中的应用程序。通过仪表板，您可以查看集群的整体状态、资源使用情况和其他相关信息。

   要安装仪表板，请运行以下命令：

   ```
   kubectl apply -f ***
   ```

   然后，创建一个具有仪表板访问权限的ServiceAccount：

   ```
   kubectl apply -f ***
   ```

   最后，获取仪表板的访问令牌并启动Kubernetes代理以访问仪表板：

   ```
   kubectl create clusterrolebinding dashboard-admin-binding --clusterrole=cluster-admin --serviceaccount=kube-system:dashboard-admin
   kubectl proxy
   ```

3. Prometheus和Grafana：
   Prometheus是一个开源的监控和警报工具，可以收集和处理Kubernetes集群的度量数据。Grafana是一个可视化和仪表板构建工具，可以将Prometheus收集到的数据以图表和仪表板的形式展示出来。

   要使用Prometheus和Grafana监控Kubernetes集群，请遵循官方文档中的安装和配置指南：

   - [Prometheus Operator](***
   * [Prometheus Kubernetes监控](***
   * [Grafana Labs Kubernetes监控](***

** 其他监控工具：
   还有许多其他第三方监控工具可以集成到Kubernetes集群中，例如Sysdig、Datadog、New Relic等。这些工具通常提供更丰富的功能和可视化选项，以便更好地监控和管理集群状态。

通过使用上述工具和方法，您可以监控Kubernetes集群的状态，确保集群正常运行，并根据需要调整资源分配和优化性能。",,"
要监控 Kubernetes 集群的状态，您可以使用 Kubernetes 提供的命令行工具 kubectl 和 kube-proxy，以及第三方监控工具如 Prometheus、Grafana 和 Jaeger 等。以下是一些监控 Kubernetes 集群状态的方法：
1. 使用 kubectl 命令行工具：
您可以使用 kubectl 命令行工具来检查 Kubernetes 集群的资源状态，例如 pod、service、ingress 等。例如，以下命令可以列出所有运行中的 pod：
```  
kubectl get pods  
```
以下命令可以列出所有服务：
```  
kubectl get services  
```
以下命令可以列出所有 ingress：
```  
kubectl get ingress  
```
2. 使用 kube-proxy 命令行工具：
kube-proxy 是 Kubernetes 集群中的代理服务器，它可以拦截流量并提供代理服务。您可以使用 kube-proxy 命令行工具来检查代理服务的状态，例如：
```  
kube-proxy status  
```
此命令将显示代理服务的状态、连接情况和代理端的信息。
3. 使用第三方监控工具：
除了 Kubernetes 提供的命令行工具外，您还可以使用第三方监控工具来监控 Kubernetes 集群的状态。例如，Prometheus 是一种流行的监控工具，它可以收集和存储 Kubernetes 集群的指标数据，并提供查询和可视化功能。Grafana 是一种可视化平台，它可以与 Prometheus 集成，让您可以更轻松地查看 Kubernetes 集群的状态。Jaeger 是一种分布式追踪工具，它可以帮助您查找和诊断 Kubernetes 集群中的问题。
总结起来，监控 Kubernetes 集群的状态需要综合使用多种工具和技术，以便更全面地了解集群的健康状况和运行情况。",,,,,,,,,,,