编号,prompt,答案评分,MiniMax(abab5.5-chat)
1,请简要解释一下什么是云原生?,正确,"云原生（Cloud Native）是一种构建和运行应用程序的方法，这些应用程序从一开始就设计为在云环境中运行，从而充分利用云计算的优势。云原生架构和应用程序遵循一些关键原则，包括：

1. 微服务架构：将应用程序分解为一组小型、自治的服务，以提高灵活性、可伸缩性和容错能力。
2. 容器化：通过轻量级的、可移植的容器（如Docker）来部署应用程序和服务，以实现一致的运行环境和更高的资源利用率。
3. 自动化与编排：使用自动化和编排工具（如Kubernetes）来部署、扩展和管理应用程序和服务，以提高效率和可靠性。
4. 微服务之间的松耦合：通过轻量级协议（如RESTful API或gRPC）实现微服务之间的通信，降低耦合度。
5. 弹性与可伸缩性：根据需求自动调整应用程序和服务的规模，以满足性能和可用性要求。
6. 开发与运维协同：通过敏捷方法和DevOps实践，实现开发、测试和运维团队之间的紧密合作。
7. 数据驱动决策：利用监控和日志数据来优化应用程序性能和可用性，实现更快的迭代和反馈。

云原生应用程序通常在公共云、私有云和混合云环境中运行，以实现更高的灵活性、可伸缩性和成本效益。"
2,Kubernetes和Docker的关系是什么?,正确,"Kubernetes和Docker是两个在云原生环境中常用的工具，它们分别用于不同的目的，但它们之间存在密切的关系。

Docker是一个开源容器化平台，用于创建、部署和运行应用程序容器。Docker使用操作系统级别的虚拟化技术，将应用程序及其依赖项打包在一个轻量级的、可移植的容器中。这使得开发人员可以在一个一致的环境中构建、测试和部署应用程序，而不受底层操作系统和硬件的差异影响。

Kubernetes是一个开源容器编排平台，用于管理、自动化和扩展容器化应用程序。Kubernetes提供了一个分布式、可扩展的系统，用于部署、更新和监控容器化应用程序和服务。它可以自动处理容器的调度、扩展、故障转移和负载均衡，从而确保应用程序和服务的高可用性和性能。

Kubernetes使用Docker作为默认的容器运行时，这意味着Kubernetes使用Docker来创建和管理容器。在Kubernetes中，开发人员将容器镜像（由Docker创建和管理）部署到集群中，然后Kubernetes负责管理和编排这些容器。

总之，Docker和Kubernetes是紧密相关的工具，它们通常一起使用，以实现云原生环境中的容器化应用程序的管理、部署和扩展。Docker负责创建和管理容器，而Kubernetes负责管理和编排这些容器。"
3,请描述Kubernetes的主要组件及其作用?,正确,"Kubernetes（也称为k8s）是一个开源的容器编排平台，用于管理和自动化容器化应用程序和服务。Kubernetes的核心组件包括：

1. Master节点（主节点）：
   - Kubernetes API server（Kubernetes API服务器）：负责处理来自kubectl命令行工具或Kubernetes REST API的请求。它验证请求并将它们发送到相应的组件。
   - etcd：一个分布式键值存储，用于存储Kubernetes集群的配置数据。
   - Scheduler（调度器）：负责将未调度的Pod分配到合适的Node节点上，以满足资源需求和约束条件。
   - Controller Manager（控制器管理器）：负责运行各种控制器，例如副本控制器（负责确保期望的副本数）、端点控制器（负责填充和更新服务对象上的端点）等。

2. Worker节点（工作节点）：
   - Kubelet：负责管理节点上运行的容器和Pod的生命周期，包括创建、启动、停止、重启等。它还负责与Master节点通信，报告节点的状态和健康状况。
   - Kube-proxy：一个网络代理，负责维护Node节点上的网络规则和负载均衡，以实现Service对象之间的通信。
   - Container runtime（容器运行时）：负责运行容器，如Docker或containerd。

Kubernetes中的其他关键概念：

1. Pod：Kubernetes中的最小部署单元，包含一个或多个紧密相关的容器。同一Pod中的容器共享相同的网络命名空间和存储卷。
2. Service：Kubernetes中的抽象层，用于表示一组Pods的逻辑集合。Service提供了访问这些Pods的方式，实现负载均衡和网络通信。
3. Deployment：用于管理Pod的副本和更新策略，例如滚动更新和回滚。
4. ReplicaSet：确保特定数量的Pod副本在集群中运行。
5. StatefulSet：用于管理有状态应用程序的Pod，确保Pod的稳定标识和顺序部署。
6. ConfigMap和Secret：分别用于存储和管理非敏感配置数据和敏感数据，如密码和密钥。
7. Namespace：用于在Kubernetes集群中隔离资源和对象，实现多租户或团队之间的资源划分。

通过这些组件和概念，Kubernetes提供了一种可靠、可扩展的方式来管理和部署容器化应用程序和服务。"
4,解释一下Kubernetes的部署策略有哪些?,正确,"在Kubernetes中，部署策略用于控制如何将应用程序的Pod实例部署到集群中。根据应用程序的需求和可用资源，可以选择不同的部署策略。以下是Kubernetes中常见的部署策略：

1. Recreate（重建）：
   在进行部署更新时，先删除旧版本的所有Pod实例，然后创建新版本的Pod实例。这种方法可以确保新版本和旧版本完全分离，但会导致在部署过程中存在短暂的服务中断。

2. RollingUpdate（滚动更新）：
   这是默认的部署更新策略，可以逐步更新Pod实例，同时确保服务的可用性。在执行滚动更新时，Kubernetes会逐步替换旧版本的Pod实例，确保新版本的Pod实例在旧版本的Pod实例完全停止之前启动。滚动更新可以在MaxSurge（最大超额）和MaxUnavailable（最大不可用）参数中设置更新速率。

3. Canary（金丝雀发布）：
   这种部署策略允许逐步将一部分流量从旧版本的应用程序切换到新版本的应用程序。这可以通过定义具有不同标签的两个版本的Pod来实现，并在部署过程中调整服务选择器以将流量逐渐导向新版本的应用程序。金丝雀发布有助于降低新版本引入的风险，并确保更好的稳定性。

4. Blue-Green（蓝绿部署）：
   在这种部署策略中，维护两个版本的应用程序，一个称为“蓝色”环境，另一个称为“绿色”环境。在部署更新时，首先将流量切换到绿色环境，然后部署新版本的应用程序。一旦新版本在绿色环境中运行稳定，可以将流量切换回绿色环境，然后销毁蓝色环境的应用程序。蓝绿部署可以确保新旧版本之间的完全分离，并在切换过程中提供高可用性。

5. A/B Testing（A/B测试）：
   A/B测试是一种评估不同版本应用程序性能的方法。在这种策略中，将流量随机分配到两个版本的应用程序，并收集和分析性能指标，以确定哪个版本更优。在Kubernetes中，可以通过为两个版本的应用程序分配不同的标签，并在服务中使用这些标签来实现A/B测试。

在选择部署策略时，需要根据应用程序的需求和可用资源进行权衡。不同的策略适用于不同的场景，例如滚动更新适用于大多数应用程序，而金丝雀发布和蓝绿部署更适合需要高可用性和低风险的场景。"
5,如何在Kubernetes中实现服务发现和负载均衡?,正确,"在Kubernetes中，服务发现和负载均衡是关键功能，它们允许应用程序和服务在集群内部和外部互相通信。Kubernetes使用以下两种核心资源来实现服务发现和负载均衡：

1. Service（服务）：
   Service是Kubernetes中的一种抽象层，用于表示一组Pods的逻辑集合。Service提供了访问这些Pods的方式，实现负载均衡和网络通信。Service通过以下两种方式来实现负载均衡：

   a. ClusterIP：
     默认的负载均衡方式，为Service分配一个内部IP地址，集群内部的其他服务可以通过该地址访问该Service。ClusterIP主要适用于集群内部的服务通信。

   b. NodePort：
     允许从集群外部访问Service。NodePort为Service分配一个静态端口，集群中的每个节点都暴露这个端口。访问者可以通过任意节点的IP地址和端口号访问该Service。NodePort主要用于对外提供服务的入口点。

2. DNS（域名系统）：
   Kubernetes提供了内置的DNS服务，用于为Service分配DNS名称。当创建一个Service时，Kubernetes会自动为其分配一个DNS名称，格式为`<ServiceName>.<Namespace>.svc.cluster.local`。应用程序可以使用这个DNS名称作为地址来访问Service。

使用服务发现和负载均衡的示例：

1. 创建一个Deployment和一个相应的Service，将Deployment的Pod与Service关联起来。
2. 为Service分配一个正确的标签选择器，以选择关联的Pod。
3. 确保应用程序使用Service的DNS名称作为地址进行通信，而不是使用具体的Pod IP地址。

通过这种方式，应用程序可以轻松地访问Service所代表的一组Pod，而无需知道具体的Pod IP地址。Kubernetes会自动处理负载均衡和服务发现，确保请求被分发到正确的Pod。"
6,请描述Kubernetes的Master节点组件,正确,"Kubernetes的Master节点（主节点）负责控制和管理整个集群的状态，包括API服务器、调度器、控制器管理器和etcd。这些组件协同工作，确保集群中的资源分配、应用程序部署和管理。以下是Master节点的主要组件：

1. Kubernetes API server（Kubernetes API服务器）：
   Kubernetes API服务器是集群的主要管理接口，负责处理来自kubectl命令行工具或Kubernetes REST API的请求。它验证请求并将它们发送到相应的组件。API服务器还负责存储集群状态的备份，以便在系统故障时恢复。

2. etcd：
   etcd是一个分布式键值存储，用于存储Kubernetes集群的配置数据。它具有高可用性和一致性，确保集群状态在整个集群中的正确性和一致性。

3. Scheduler（调度器）：
   调度器负责将未调度的Pod分配到合适的Node节点上，以满足资源需求和约束条件。它通过考虑每个节点的可用资源、Pod的资源需求和Pod之间的反亲和性/亲和性要求来做出调度决策。

4. Controller Manager（控制器管理器）：
   控制器管理器负责运行各种控制器，例如副本控制器（负责确保期望的副本数）、端点控制器（负责填充和更新服务对象上的端点）、服务帐户和令牌控制器（负责为ServiceAccount创建默认帐户和API访问令牌）等。控制器通过不断监测集群状态并采取相应行动来维护期望的集群状态。

Master节点的组件通过持续的通信和协作，确保Kubernetes集群的正常运行。这些组件提供了一种可靠、可扩展的方式来管理和部署容器化应用程序和服务。"
7,请描述Kubernetes的Node节点组件。,正确,"Kubernetes的Node节点（工作节点）负责运行容器化应用程序并执行集群的工作负载。每个Node节点都运行以下关键组件：

1. Kubelet：
   Kubelet是Node节点的主要代理，负责管理节点上运行的容器和Pod的生命周期。它通过与API服务器通信，监控集群分配给节点的Pods，并确保这些Pods按照预期的状态运行。Kubelet还负责与容器运行时（如Docker或containerd）通信，以创建、启动、停止和重启容器。

2. Kube-proxy：
   Kube-proxy是一个网络代理，负责维护Node节点上的网络规则和负载均衡。它通过实现Service的虚拟IP（ClusterIP）和后端Pod之间的通信，使集群内部的服务能够相互访问。Kube-proxy还可以实现网络策略和带宽管理。

3. Container runtime（容器运行时）：
   Container runtime负责运行容器，如Docker或containerd。它响应来自Kubelet的命令，创建、启动和停止容器。容器运行时与底层操作系统和硬件交互，以确保容器能够在Node节点上正常运行。

此外，Node节点还可以运行其他附加组件，例如网络插件、存储插件和监控插件，以提供额外的功能和支持。这些组件根据集群的需求和配置进行安装和配置。

Node节点的组件通过与Master节点组件的协同工作，确保集群资源的高效分配和管理。这些组件提供了一种可靠、可扩展的方式来运行和扩展容器化应用程序和服务。"
8,请描述Pod的生命周期。,正确,"Pod是Kubernetes中的最小部署单元，包含一个或多个紧密相关的容器。Pod的生命周期描述了一个Pod从创建到终止的过程。以下是Pod生命周期的主要阶段：

1.  pending（挂起）：
   当一个新的Pod被创建时，它首先处于pending（挂起）状态。此时，Kubernetes正在为Pod分配可用的Node节点，并调度容器到该节点。

2.  running（运行）：
   当Pod被成功调度到Node节点，并且其所有容器都已启动时，Pod的状态将变为running（运行）。在这个阶段，Pod中的所有容器正在正常运行。

3.  succeeded（成功）：
   当Pod中的所有容器都成功执行并正常退出时，Pod的状态将变为succeeded（成功）。这意味着Pod完成了其预期的工作，不再需要继续运行。

4.  failed（失败）：
   如果Pod中的任何一个容器因为错误或异常而终止，且没有重启策略或者重启策略已达到最大尝试次数，Pod的状态将变为failed（失败）。这意味着Pod无法正常运行，需要修复问题或重新创建。

5.  unknown（未知）：
   如果由于某种原因，Kubernetes无法获取Pod的状态信息，Pod的状态将变为unknown（未知）。这可能是由于网络问题或API服务器的故障导致的。

在Pod的生命周期中，根据需要可以对Pod执行各种操作。例如，可以创建、更新、删除或查询Pod。Kubernetes还提供了一系列控制器（如Deployment、StatefulSet、DaemonSet和Job）来管理Pod的生命周期，并确保期望的状态和副本数量。通过控制Pod的生命周期，Kubernetes提供了一种可靠、可扩展的方式来运行和管理容器化应用程序和服务。"
9,K8S 中什么是Deployment?有什么特点?,正确,"Deployment是Kubernetes中用于管理和部署应用程序的一种资源对象。它通过控制ReplicaSet（副本集）来实现对Pod副本的管理。Deployment主要负责确保期望的Pod副本数量始终与定义的目标副本数保持一致，并支持滚动更新、回滚等功能。Deployment的特点如下：

1. 声明式更新：
   Deployment通过声明式配置管理Pod副本。用户只需描述期望的Pod状态，如容器镜像、副本数等，而不需要担心具体的更新过程。Kubernetes会自动将实际状态调整为期望状态。

2. 滚动更新与回滚：
   Deployment支持滚动更新，即在更新应用程序时逐步替换旧版本的Pod，同时确保服务的可用性。此外，Deployment还支持回滚，即在出现错误时将应用程序回滚到之前的版本。这有助于降低更新过程中引入风险的可能性。

3. 版本记录：
   Deployment为每个更新操作创建新的ReplicaSet，并将旧的ReplicaSet保留一段时间。这样，在需要时可以查看和管理应用程序的历史版本。

4. 自动扩缩容：
   Deployment可以根据资源需求自动调整Pod副本数。例如，可以根据CPU和内存使用率来实现水平自动扩缩容。

5. 自愈：
   如果Pod副本由于错误或异常而终止，Deployment将自动创建一个新的Pod副本来替换失败的副本，以确保目标副本数得到满足。

6. 简便性：
   Deployment为应用程序部署和管理提供了简洁的接口。用户只需创建一个Deployment对象，并提供相应的配置文件，Kubernetes就会自动处理部署、更新和扩缩容等操作。

通过使用Deployment，Kubernetes提供了一种可靠、可扩展的方式来部署和管理容器化应用程序和服务。它可以确保应用程序始终按照预期的方式运行，并提供了一系列更新和扩缩容功能，以满足不断变化的需求。"
10,K8S中什么是Service?常见的Service类型有哪些?,正确,"在Kubernetes中，Service是一种抽象层，用于表示一组Pod的逻辑集合。Service提供了访问这些Pod的方式，实现负载均衡和网络通信。Service通过为Pod提供一个稳定的IP地址和DNS名称，使集群内的其他服务能够轻松地访问这些Pod，而无需知道具体的Pod IP地址。常见的Service类型包括：

1. ClusterIP：
   ClusterIP是默认的Service类型。它为Service分配一个内部IP地址，集群内部的其他服务可以通过该地址访问该Service。ClusterIP主要用于集群内部的服务通信。

2. NodePort：
   NodePort允许从集群外部访问Service。NodePort为Service分配一个静态端口，集群中的每个节点都暴露这个端口。访问者可以通过任意节点的IP地址和端口号访问该Service。NodePort主要用于对外提供服务的入口点。

3. LoadBalancer：
   LoadBalancer类型为Service分配一个云提供商负载均衡器的IP地址。访问者可以通过该IP地址访问Service。云提供商负责将流量负载均衡到集群内部的Pod。LoadBalancer适用于需要外部访问且负载均衡的场景。

4. ExternalName：
   ExternalName类型将Service映射到外部服务，如公司的其他集群服务或DNS名称。访问者可以通过Service的DNS名称访问外部服务。ExternalName不涉及负载均衡，而是将流量直接路由到外部服务。

通过使用这些Service类型，Kubernetes提供了一种灵活、可扩展的方式来管理和访问容器化应用程序和服务。Service能够确保应用程序和服务之间的网络通信，同时提供负载均衡和故障恢复功能。这使得在Kubernetes中构建和部署分布式系统变得更加简单和高效。"
11,怎么访问Kubernetes集群中的应用?,正确,"要访问Kubernetes集群中的应用，您需要遵循以下步骤：

1. 为您的服务创建Service：
   在创建服务之前，请确保您的应用程序已经以Pod的形式部署在Kubernetes集群中。然后，创建一个Service对象，将Pod关联到该服务。Service会为每个Pod分配一个唯一的DNS名称，这样集群内的其他服务就可以通过DNS名称访问这些Pod。

2. 选择合适的Service类型：
   根据应用程序的需求和访问方式，选择合适的Service类型。例如，如果服务只需要在集群内部访问，那么可以使用ClusterIP类型。如果需要从集群外部访问，可以选择NodePort或LoadBalancer类型。

3. 获取Service的访问信息：
   根据所选的Service类型，获取服务的访问信息。例如：

   - 如果使用ClusterIP类型，可以通过`<service-name>.<namespace>.svc.cluster.local`格式访问Service，其中`<service-name>`是Service的名称，`<namespace>`是Service所在的命名空间。
   - 如果使用NodePort类型，可以通过任意节点的IP地址和NodePort端口访问Service。NodePort端口可以通过`kubectl describe service <service-name>`命令查看。
   - 如果使用LoadBalancer类型，可以通过云提供商提供的负载均衡器的IP地址访问Service。该IP地址通常会自动分配，也可以通过`kubectl describe service <service-name>`命令查看。
   - 如果使用ExternalName类型，可以通过Service的DNS名称访问外部服务。

4. 访问应用程序：
   使用获取到的服务访问信息，通过相应的协议（如HTTP、TCP等）和端口访问应用程序。例如，如果应用程序提供HTTP服务并监听在端口80上，可以通过`***<service-address>:80`来访问应用程序。

通过这些步骤，您应该能够成功地访问Kubernetes集群中的应用程序。确保应用程序已正确部署、配置了适当的Service类型，并遵循安全策略，以确保访问安全性。"
12,怎么实现Kubernetes的负载均衡?,正确,"在Kubernetes中，负载均衡主要通过Service对象实现。Service负责为Pod提供一个稳定的IP地址和DNS名称，同时实现负载均衡和网络通信。以下是Kubernetes中实现负载均衡的主要方法：

1. ClusterIP服务：
   对于ClusterIP类型的Service，Kubernetes会在集群内部为服务分配一个虚拟IP地址。Service将对所有连接到该IP地址的请求进行负载均衡，将请求分发到后端Pod。默认情况下，Kubernetes使用基于随机算法的负载均衡策略。

2. Session Affinity（会话亲和性）：
   Kubernetes还支持基于会话的负载均衡策略，称为会话亲和性。在这种策略下，Service会将来自同一会话的请求转发到同一个后端Pod。这可以确保在会话过程中，客户端始终与同一个Pod通信。要启用会话亲和性，可以在创建Service时使用`service.spec.sessionAffinity`配置参数。

3. 自定义负载均衡策略：
   如果需要基于其他规则实现负载均衡，可以配置自定义的负载均衡策略。例如，可以使用基于源IP、请求URL路径等的负载均衡策略。要实现自定义策略，可以创建自定义的负载均衡器或反向代理，并在Service中使用它。

4. 云提供商负载均衡器：
   对于需要从集群外部访问的服务，可以使用LoadBalancer类型的Service。在这种情况下，Kubernetes会自动创建云提供商的负载均衡器，并将Service的IP地址映射到该负载均衡器的IP地址。云提供商的负载均衡器负责实现负载均衡，将流量分发到后端Pod。

通过使用这些负载均衡方法，Kubernetes提供了一种灵活、可扩展的方式来管理和访问容器化应用程序和服务。Service能够确保应用程序和服务之间的网络通信，同时提供负载均衡和故障恢复功能。这使得在Kubernetes中构建和部署分布式系统变得更加简单和高效。"
13,怎么实现Kubernetes的滚动更新?,正确,"在Kubernetes中，滚动更新（Rolling Update）是一种逐步更新应用程序部署的方法，可以确保应用程序的持续可用性。滚动更新通过Deployment对象实现，Deployment会自动控制副本集（ReplicaSet），从而实现对Pod的滚动更新。以下是实现Kubernetes滚动更新的主要步骤：

1. 部署应用程序：
   首先，将应用程序部署到Kubernetes集群。使用Deployment对象创建应用程序，确保应用程序的所有Pod都正常运行。

2. 更新应用程序：
   当需要更新应用程序时，更新Deployment的配置文件，以反映新的容器镜像、环境变量等。然后，使用`kubectl apply`命令将更新应用于Deployment。

3. 观察更新过程：
   Kubernetes会自动将Deployment的配置更改应用到Pod。Deployment将逐步更新Pod，同时确保至少有一个Pod正常运行。在滚动更新过程中，可以运行`kubectl rollout status deploy/<deployment-name>`命令查看更新进度。

4. 回滚更新：
   如果更新过程中出现问题，可以回滚到之前的版本。使用`kubectl rollout undo deploy/<deployment-name>`命令执行回滚操作。Kubernetes将自动将Deployment配置更改为前一版本，并逐步更新Pod。

5. 最大化可用性和可靠性：
   为了确保更新过程的可用性和可靠性，可以配置Deployment的更新策略和参数。例如，可以设置最大不可用（MaxUnavailable）和最大超时（MaxSurge）参数，以控制滚动更新的速度和方式。此外，可以使用liveness和readiness探针确保Pod的健康状况。

通过实现Kubernetes的滚动更新，可以确保应用程序的持续可用性，同时降低更新过程中的风险。滚动更新可以帮助您更安全、更可靠地将应用程序部署到Kubernetes集群，同时提高运维效率。"
14,怎么实现Kubernetes的回滚操作?,正确,"在Kubernetes中，回滚操作是一种将应用程序部署恢复到之前版本的方法，可用于修复更新过程中引入的问题。回滚操作通过Deployment对象实现。以下是实现Kubernetes回滚操作的主要步骤：

1. 部署应用程序：
   首先，将应用程序部署到Kubernetes集群。使用Deployment对象创建应用程序，确保应用程序的所有Pod都正常运行。

2. 更新应用程序：
   当需要更新应用程序时，更新Deployment的配置文件，以反映新的容器镜像、环境变量等。然后，使用`kubectl apply`命令将更新应用于Deployment。

3. 观察更新过程：
   Kubernetes会自动将Deployment的配置更改应用到Pod。Deployment将逐步更新Pod，同时确保至少有一个Pod正常运行。在滚动更新过程中，可以运行`kubectl rollout status deploy/<deployment-name>`命令查看更新进度。

4. 回滚更新：
   如果更新过程中出现问题，可以回滚到之前的版本。使用`kubectl rollout undo deploy/<deployment-name>`命令执行回滚操作。Kubernetes将自动将Deployment配置更改为前一版本，并逐步更新Pod。

5. 确认回滚结果：
   在执行回滚操作后，运行`kubectl rollout status deploy/<deployment-name>`命令查看回滚进度。确保应用程序已成功回滚到前一版本，并正常运行。

通过实现Kubernetes的回滚操作，可以在更新过程中出现问题时，快速将应用程序恢复到之前的稳定版本。回滚操作有助于降低更新过程中的风险，提高应用程序的稳定性和可靠性。"
15,怎么配置Kubernetes的资源请求和限制?,正确,"在Kubernetes中，资源请求和限制用于确保Pod在集群中运行得有效且稳定。资源请求表示Pod所需的资源，而资源限制表示Pod可以占用的资源上限。通过配置资源请求和限制，可以提高集群的资源利用率，并防止资源争用和竞争。以下是配置Kubernetes资源请求和限制的方法：

1. 编辑Deployment或Pod配置文件：
   在创建Deployment或编写Pod配置文件时，可以为容器定义资源请求和限制。资源请求和限制可以通过`resources`字段配置，该字段包含两个子字段：`requests`和`limits`。

2. 设置资源请求：
   设置资源请求以告知Kubernetes调度器，为Pod分配多少资源。资源请求包括CPU和内存资源。以下是一个设置资源请求的示例：

   ```
   apiVersion: v1
   kind: Pod
   metadata:
     name: nginx
   spec:
     containers:
     - name: nginx
       image: nginx:1.14.2
       resources:
         requests:
           cpu: ""100m""
           memory: ""128Mi""
   ```

   在这个示例中，为容器指定了100m（0.1个CPU核心）的CPU请求和128Mi（128MiB）的内存请求。

3. 设置资源限制：
   设置资源限制以确保容器不会占用过多的资源。资源限制包括CPU和内存资源。以下是一个设置资源限制的示例：

   ```
   apiVersion: v1
   kind: Pod
   metadata:
     name: nginx
   spec:
     containers:
     - name: nginx
       image: nginx:1.14.2
       resources:
         limits:
           cpu: ""500m""
           memory: ""512Mi""
   ```

   在这个示例中，为容器指定了500m（0.5个CPU核心）的CPU限制和512Mi（512MiB）的内存限制。

4. 应用配置更改：
   在配置资源请求和限制后，使用`kubectl apply`命令将更改应用到Deployment或Pod。Kubernetes将根据新的配置调度和限制容器资源。

通过配置Kubernetes的资源请求和限制，可以确保应用程序在集群中稳定运行，同时提高集群的资源利用率。这有助于优化资源分配，防止资源争用和竞争，并确保应用程序的高可用性和性能。"
16, 怎么配置Kubernetes的健康检查?,正确,"在Kubernetes中，健康检查（Health Check）用于监控Pod中的容器是否正常运行。当容器出现问题时，Kubernetes会自动将Pod标记为不健康，并在必要时进行替换。健康检查可以通过两种方式实现：livenessProbe（活力探针）和readinessProbe（就绪探针）。

1. LivenessProbe（活力探针）：
   LivenessProbe用于检查容器是否仍在运行。如果LivenessProbe失败，Kubernetes将根据重启策略重新启动容器或删除Pod。

2. ReadinessProbe（就绪探针）：
   ReadinessProbe用于检查容器是否已准备好接受流量。如果ReadinessProbe失败，Kubernetes将把Pod从Service的端点列表中删除，直到它再次准备好。

配置健康检查的方法如下：

1. 编辑Deployment或Pod配置文件：
   在创建Deployment或编写Pod配置文件时，可以为容器定义健康检查。健康检查可以通过`livenessProbe`和`readinessProbe`字段配置。

2. 定义探针类型：
   探针类型包括以下三种：

   - Exec：执行容器中的一个命令。如果命令返回0，则探针成功；否则失败。
   - HTTP：向容器的HTTP服务器发送请求。如果响应状态码在200和400之间（不包括400），则探针成功；否则失败。
   - TCP：尝试与容器的TCP套接字建立连接。如果连接成功建立，则探针成功；否则失败。

3. 配置探针参数：
   针对每种探针类型，需要配置相应的参数。以下是每种探针类型的配置示例：

   - Exec探针：

   ```yaml
   livenessProbe:
     exec:
       command:
       - ls
       - /tmp
     initialDelaySeconds: 5
     periodSeconds: 5
   ```

   - HTTP探针：

   ```yaml
   readinessProbe:
     httpGet:
       path: /healthz
       port: 8080
     initialDelaySeconds: 5
     periodSeconds: 5
   ```

   - TCP探针：

   ```yaml
   livenessProbe:
     tcpSocket:
       port: 3000
     initialDelaySeconds: 5
     periodSeconds: 5
   ```

4. 应用配置更改：
   在配置健康检查后，使用`kubectl apply`命令将更改应用到Deployment或Pod。Kubernetes将根据新的配置执行健康检查，并在需要时采取相应措施。

通过配置Kubernetes的健康检查，可以确保应用程序在遇到故障时能够及时恢复，从而提高应用程序的可靠性和稳定性。这有助于降低故障恢复时间，确保应用程序的高可用性和性能。"
17,怎么配置Kubernetes的就绪检查?,正确,"在Kubernetes中，就绪检查（Readiness Probe）用于确保Pod中的容器已准备好接受流量。当容器未准备好时，Kubernetes会将Pod从Service的端点列表中删除，直到它再次准备好。就绪检查可以通过以下方式配置：

1. 编辑Deployment或Pod配置文件：
   在创建Deployment或编写Pod配置文件时，可以为容器定义就绪检查。就绪检查可以通过`readinessProbe`字段配置。

2. 定义探针类型：
   探针类型包括以下三种：

   - Exec：执行容器中的一个命令。如果命令返回0，则探针成功；否则失败。
   - HTTP：向容器的HTTP服务器发送请求。如果响应状态码在200和400之间（不包括400），则探针成功；否则失败。
   - TCP：尝试与容器的TCP套接字建立连接。如果连接成功建立，则探针成功；否则失败。

3. 配置探针参数：
   针对每种探针类型，需要配置相应的参数。以下是每种探针类型的配置示例：

   - Exec探针：

   ```yaml
   readinessProbe:
     exec:
       command:
       - ls
       - /tmp
     initialDelaySeconds: 5
     periodSeconds: 5
   ```

   - HTTP探针：

   ```yaml
   readinessProbe:
     httpGet:
       path: /healthz
       port: 8080
     initialDelaySeconds: 5
     periodSeconds: 5
   ```

   - TCP探针：

   ```yaml
   readinessProbe:
     tcpSocket:
       port: 3000
     initialDelaySeconds: 5
     periodSeconds: 5
   ```

4. 应用配置更改：
   在配置就绪检查后，使用`kubectl apply`命令将更改应用到Deployment或Pod。Kubernetes将根据新的配置执行就绪检查，并在需要时将Pod从Service的端点列表中添加或删除。

通过配置Kubernetes的就绪检查，可以确保应用程序在遇到问题时能够及时恢复，从而提高应用程序的可靠性和稳定性。这有助于降低故障恢复时间，确保应用程序的高可用性和性能。"
18,怎么配置Kubernetes的主机亲和性?,正确,"在Kubernetes中，主机亲和性（Node Affinity）用于控制Pod在集群中的部署位置。通过主机亲和性，可以将Pod调度到特定的节点上，以实现资源优化、提高性能、降低延迟等目的。主机亲和性可以通过以下方式配置：

1. 编辑Deployment或Pod配置文件：
   在创建Deployment或编写Pod配置文件时，可以为容器定义主机亲和性。主机亲和性可以通过`affinity`字段配置。

2. 定义主机亲和性规则：
   主机亲和性规则分为两种类型：requiredDuringSchedulingIgnoredDuringExecution（硬性约束）和preferredDuringSchedulingIgnoredDuringExecution（软性约束）。硬性约束要求Pod必须满足指定的条件才能部署到节点上；软性约束则表示优先部署到满足条件的节点上，但并不是强制性的。

3. 配置主机亲和性参数：
   针对每种亲和性规则，需要配置相应的参数。以下是每种规则的配置示例：

   - requiredDuringSchedulingIgnoredDuringExecution（硬性约束）：

   ```yaml
   affinity:
     nodeAffinity:
       requiredDuringSchedulingIgnoredDuringExecution:
         nodeSelectorTerms:
         - matchExpressions:
             - key: kubernetes.io/hostname
               operator: In
               values:
                 - node1
                 - node2
   ```

   - preferredDuringSchedulingIgnoredDuringExecution（软性约束）：

   ```yaml
   affinity:
     nodeAffinity:
       preferredDuringSchedulingIgnoredDuringExecution:
         - weight: 50
           preference:
             matchExpressions:
               - key: kubernetes.io/e2e-az-name
                 operator: In
                 values:
                   - e2e-az1
                   - e2e-az2
   ```

   在这些示例中，我们使用了`nodeSelectorTerms`（硬性约束）和`preference`（软性约束）字段来定义亲和性规则。对于硬性约束，我们指定了`key`（标签键）、`operator`（操作符）和`values`（标签值）。对于软性约束，我们指定了`weight`（权重）和与硬性约束相同的规则参数。

4. 应用配置更改：
   在配置主机亲和性后，使用`kubectl apply`命令将更改应用到Deployment或Pod。Kubernetes将根据新的配置调度Pod，确保它们满足指定的亲和性规则。

通过配置Kubernetes的主机亲和性，可以实现对集群资源的优化、提高性能、降低延迟等目的。这有助于更好地管理和维护集群，确保应用程序的高可用性和性能。"
19,怎么配置Kubernetes的污点和容忍?,正确,"在Kubernetes中，污点和容忍（Taints and Tolerations）用于控制Pod在集群中分配的位置。通过使用污点和容忍，可以为节点添加特定的污点，以便将Pod限制在满足某些条件的节点上。污点和容忍可以通过以下方式配置：

1. 编辑Deployment或Pod配置文件：
   在创建Deployment或编写Pod配置文件时，可以为容器定义容忍。容忍可以通过`tolerations`字段配置。

2. 配置污点和容忍参数：
   污点和容忍参数主要包括两个部分：污点（Taints）和容忍（Tolerations）。污点是添加到节点上的一个键值对，用于限制哪些Pod可以调度到该节点。容忍是Pod上的键值对，用于描述Pod可以容忍的污点。

   - 污点配置示例：

   ```yaml
   apiVersion: v1
   kind: Node
   metadata:
     name: node1
   spec:
     taints:
     - key: dedicated
       value: worker
       effect: NoSchedule
   ```

   在这个示例中，我们为名为`node1`的节点添加了一个名为`dedicated`的污点，其值为`worker`，效果为`NoSchedule`。这意味着具有相应容忍的Pod将不会被调度到该节点。

   - 容忍配置示例：

   ```yaml
   apiVersion: v1
   kind: Pod
   metadata:
     name: my-pod
   spec:
     containers:
     - name: my-container
       image: my-image
     tolerations:
     - key: dedicated
       operator: Equal
       value: worker
       effect: NoSchedule
   ```

   在这个示例中，我们为名为`my-pod`的Pod定义了一个容忍，其键为`dedicated`，操作符为`Equal`，值为`worker`，效果为`NoSchedule`。这意味着这个Pod将可以容忍带有`dedicated:worker`污点的节点。

3. 应用配置更改：
   在配置污点和容忍后，使用`kubectl apply`命令将更改应用到节点或Pod。Kubernetes将根据新的配置进行调度，确保Pod满足节点污点的要求。

通过配置Kubernetes的污点和容忍，可以为集群中的节点添加特定的约束，以确保Pod在满足这些约束的节点上运行。这有助于更好地管理和维护集群，确保应用程序的高可用性和性能。"
20,怎么给Kubernetes集群添加存储?,正确,"在Kubernetes集群中添加存储可以通过多种方法实现，包括使用本地存储、云存储服务或网络文件系统。这里，我们将介绍如何使用本地存储和云存储服务（例如Amazon EBS）。

1. 配置本地存储：
   对于本地存储，需要在每个节点上配置合适的存储驱动，例如`kube-storage-provisioner`。然后，可以通过创建StorageClass、PersistentVolume和PersistentVolumeClaim对象来使用本地存储。

   - 创建StorageClass：

   ```yaml
   apiVersion: storage.k8s.io/v1
   kind: StorageClass
   metadata:
     name: local-storage
   provisioner: kubernetes.io/no-provisioner
   volumeBindingMode: WaitForFirstConsumer
   ```

   - 创建PersistentVolume：

   ```yaml
   apiVersion: v1
   kind: PersistentVolume
   metadata:
     name: example-pv
   spec:
     storageClassName: local-storage
     capacity:
       storage: 1Gi
     accessModes:
       - ReadWriteOnce
     hostPath:
       path: /mnt/disks/ssd1
   ```

   - 创建PersistentVolumeClaim：

   ```yaml
   apiVersion: v1
   kind: PersistentVolumeClaim
   metadata:
     name: example-pvc
   spec:
     storageClassName: local-storage
     accessModes:
       - ReadWriteOnce
     resources:
       requests:
         storage: 1Gi
   ```

   创建了StorageClass、PersistentVolume和PersistentVolumeClaim对象后，可以使用StorageClass在Pod中请求存储。例如：

   ```yaml
   apiVersion: v1
   kind: Pod
   metadata:
     name: my-pod
   spec:
     containers:
     - name: my-container
       image: my-image
       volumeMounts:
       - name: example-volume
         mountPath: /data
     volumes:
     - name: example-volume
       persistentVolumeClaim:
         claimName: example-pvc
   ```

2. 配置云存储服务（以Amazon EBS为例）：
   对于Amazon EBS，首先需要创建一个IAM角色，允许Kubernetes访问和操作EBS资源。然后，创建一个使用Amazon EBS的StorageClass。

   - 创建IAM角色和实例配置文件：

   使用AWS CLI创建一个IAM角色和实例配置文件，并将配置文件应用于Kubernetes节点。

   - 创建StorageClass：

   ```yaml
   apiVersion: storage.k8s.io/v1
   kind: StorageClass
   metadata:
     name: gp2
   provisioner: kubernetes.io/aws-ebs
   parameters:
     type: gp2
     fsType: ext4
   ```

   - 创建PersistentVolumeClaim：

   ```yaml
   apiVersion: v1
   kind: PersistentVolumeClaim
   metadata:
     name: example-pvc
   spec:
     storageClassName: gp2
     accessModes:
       - ReadWriteOnce
     resources:
       requests:
         storage: 1Gi
   ```

   - 使用PersistentVolumeClaim：

   创建了StorageClass和PersistentVolumeClaim对象后，可以使用StorageClass在Pod中请求存储。例如：

   ```yaml
   apiVersion: v1
   kind: Pod
   metadata:
     name: my-pod
   spec:
     containers:
     - name: my-container
       image: my-image
       volumeMounts:
       - name: example-volume
         mountPath: /data
     volumes:
     - name: example-volume
       persistentVolumeClaim:
         claimName: example-pvc
   ```

配置好存储后，Kubernetes将根据请求的StorageClass自动创建和绑定PersistentVolume。Pod将根据PersistentVolumeClaim请求存储，并将其挂载到容器内的指定路径。这样，应用程序就可以访问存储并执行读写操作。"
21,怎么监控Kubernetes集群的状态?,正确,"要监控Kubernetes集群的状态，可以使用多种方法和工具。以下是一些建议：

1. Kubernetes原生工具：
   Kubernetes本身提供了一些原生工具，可以用于监控和控制集群状态。

   - kubectl：Kubernetes命令行工具，用于与集群交互，查询资源状态和执行操作。
   - kubectl describe：用于获取特定资源的详细信息，例如节点、Pod、Service等。
   - kubectl logs：用于查看Pod中的容器日志，帮助诊断问题。
   - kubectl exec：用于在Pod中的容器内执行命令，以便进一步了解容器内部状况。

2. Kubernetes仪表板（Dashboard）：
   Kubernetes仪表板是一个基于Web的UI，用于展示集群状态、资源和运行中的应用程序。通过仪表板，您可以查看集群的整体状态、资源使用情况和其他相关信息。

   要安装仪表板，请运行以下命令：

   ```
   kubectl apply -f ***
   ```

   然后，创建一个具有仪表板访问权限的ServiceAccount：

   ```
   kubectl apply -f ***
   ```

   最后，获取仪表板的访问令牌并启动Kubernetes代理以访问仪表板：

   ```
   kubectl create clusterrolebinding dashboard-admin-binding --clusterrole=cluster-admin --serviceaccount=kube-system:dashboard-admin
   kubectl proxy
   ```

3. Prometheus和Grafana：
   Prometheus是一个开源的监控和警报工具，可以收集和处理Kubernetes集群的度量数据。Grafana是一个可视化和仪表板构建工具，可以将Prometheus收集到的数据以图表和仪表板的形式展示出来。

   要使用Prometheus和Grafana监控Kubernetes集群，请遵循官方文档中的安装和配置指南：

   - [Prometheus Operator](***
   * [Prometheus Kubernetes监控](***
   * [Grafana Labs Kubernetes监控](***

** 其他监控工具：
   还有许多其他第三方监控工具可以集成到Kubernetes集群中，例如Sysdig、Datadog、New Relic等。这些工具通常提供更丰富的功能和可视化选项，以便更好地监控和管理集群状态。

通过使用上述工具和方法，您可以监控Kubernetes集群的状态，确保集群正常运行，并根据需要调整资源分配和优化性能。"